00:00:00.008801 main     VirtualBox COM Server 7.1.8 r168469 win.amd64 (Apr 11 2025 16:45:31) release log
00:00:00.008804 main     Log opened 2025-04-19T06:41:02.285412700Z
00:00:00.008805 main     Build Type: release
00:00:00.008812 main     OS Product: Windows 11
00:00:00.008813 main     OS Release: 10.0.26100
00:00:00.008813 main     OS Service Pack: 
00:00:00.052633 main     DMI Product Name: Inspiron 15 3535
00:00:00.078808 main     DMI Product Version: 1.20.0
00:00:00.078835 main     Firmware type: UEFI
00:00:00.079601 main     Secure Boot: Enabled
00:00:00.080086 main     Host RAM: 7379MB (7.2GB) total, 965MB available
00:00:00.080102 main     Executable: C:\Program Files\Oracle\VirtualBox\VBoxSVC.exe
00:00:00.080103 main     Process ID: 12756
00:00:00.080103 main     Package type: WINDOWS_64BITS_GENERIC
00:00:00.081300 main     Windows Features:
00:00:00.081302 main       Core Isolation (Memory Integrity): ENABLED
00:00:00.245116          VirtualBox: object creation starts
00:00:00.246547          Home directory: 'C:\Users\RAJAN\.VirtualBox'
00:00:00.247137          Installed Drivers:
00:00:00.314718          Loading settings file "C:\Users\RAJAN\.VirtualBox\VirtualBox.xml" with version "1.12-windows"
00:00:00.324839          usbLibGetDevices: Starting USB device enumeration
00:00:00.377899          Getting USB descriptor (id 0) failed (dwErr=31) on hub USB#ROOT_HUB30#5&13f88fcb&0&0#{f18a0e88-c30c-11d0-8815-00a0c906bed8} port 2
00:00:00.524747          Getting USB descriptor (id 0) failed (dwErr=31) on hub USB#ROOT_HUB30#5&31c52a58&0&0#{f18a0e88-c30c-11d0-8815-00a0c906bed8} port 1
00:00:00.529899          usbLibGetDevices: Found 2 USB devices, 0 captured
00:00:00.532511          USB: Unknown USB device detected (idVendor: 0x0bda, idProduct: 0xc829)
00:00:00.535843          USB: Unknown USB device detected (idVendor: 0x1bcf, idProduct: 0x28d3)
00:00:00.637656          HostDnsMonitor: initializing
00:00:00.650731          HostDnsMonitor: updating information
00:00:00.651804          HostDnsMonitor: old information
00:00:00.651808            no server entries
00:00:00.651810            no domain set
00:00:00.651810            no search string entries
00:00:00.651811          HostDnsMonitor: new information
00:00:00.651811            server 1: 192.168.159.192
00:00:00.651812            no domain set
00:00:00.651813            no search string entries
00:00:00.684053          VD: VDInit finished with VINF_SUCCESS
00:00:00.696662          Platform architecture set to 'x86'
00:00:00.725165          Loading settings file "C:\Users\RAJAN\VirtualBox VMs\Basics\Basics.vbox" with version "1.19-windows"
00:00:00.730974          Platform architecture set to 'x86'
00:00:00.740555          VirtualBox: object created
00:00:01.006476          Saving settings file "C:\Users\RAJAN\.VirtualBox\VirtualBox.xml" with version "1.12-windows"
00:00:01.014396          Finished saving settings file "C:\Users\RAJAN\.VirtualBox\VirtualBox.xml"
00:00:01.015697          Saving settings file "C:\Users\RAJAN\.VirtualBox\VirtualBox.xml" with version "1.12-windows"
00:00:01.022093          Finished saving settings file "C:\Users\RAJAN\.VirtualBox\VirtualBox.xml"
00:00:01.022578          Saving settings file "C:\Users\RAJAN\.VirtualBox\VirtualBox.xml" with version "1.12-windows"
00:00:01.029356          Finished saving settings file "C:\Users\RAJAN\.VirtualBox\VirtualBox.xml"
00:00:03.331576          ERROR [COM]: aRC=VBOX_E_INVALID_VM_STATE (0x80bb0002) aIID={e36a5081-a82a-40bd-9e4e-42a44d6ce50f} aComponent={MachineWrap} aText={The machine is not mutable, saved or running (state is Saved)}, preserve=false aResultDetail=0
00:00:03.406369 USBPROXY usbLibGetDevices: Starting USB device enumeration
00:00:03.449304 USBPROXY Getting USB descriptor (id 0) failed (dwErr=31) on hub USB#ROOT_HUB30#5&13f88fcb&0&0#{f18a0e88-c30c-11d0-8815-00a0c906bed8} port 2
00:00:03.500714 USBPROXY Getting USB descriptor (id 0) failed (dwErr=31) on hub USB#ROOT_HUB30#5&31c52a58&0&0#{f18a0e88-c30c-11d0-8815-00a0c906bed8} port 1
00:00:03.501048 USBPROXY usbLibGetDevices: Found 2 USB devices, 0 captured
00:00:05.390440          Saving settings file "C:\Users\RAJAN\.VirtualBox\VirtualBox.xml" with version "1.12-windows"
00:00:05.396214          Finished saving settings file "C:\Users\RAJAN\.VirtualBox\VirtualBox.xml"
00:00:09.970655          Saving settings file "C:\Users\RAJAN\.VirtualBox\VirtualBox.xml" with version "1.12-windows"
00:00:10.106905          Finished saving settings file "C:\Users\RAJAN\.VirtualBox\VirtualBox.xml"
00:00:10.339069          Launched VM: 4075289072 pid: 21864 (0x5568) frontend: GUI/Qt name: Basics
00:00:10.428155          ERROR [COM]: aRC=VBOX_E_INVALID_VM_STATE (0x80bb0002) aIID={e36a5081-a82a-40bd-9e4e-42a44d6ce50f} aComponent={MachineWrap} aText={The machine is not mutable, saved or running (state is Saved)}, preserve=false aResultDetail=0
00:00:10.534671          ERROR [COM]: aRC=VBOX_E_INVALID_VM_STATE (0x80bb0002) aIID={e36a5081-a82a-40bd-9e4e-42a44d6ce50f} aComponent={MachineWrap} aText={The machine is not mutable, saved or running (state is Saved)}, preserve=false aResultDetail=0
00:00:20.676827          Platform architecture set to 'x86'
00:00:20.900052          ERROR [COM]: aRC=VBOX_E_INVALID_VM_STATE (0x80bb0002) aIID={e36a5081-a82a-40bd-9e4e-42a44d6ce50f} aComponent={MachineWrap} aText={The machine is not mutable, saved or running (state is Saved)}, preserve=false aResultDetail=0
00:00:21.999163          ERROR [COM]: aRC=VBOX_E_OBJECT_NOT_FOUND (0x80bb0001) aIID={70401eef-c8e9-466b-9660-45cb3e9979e4} aComponent={ExtPackManagerWrap} aText={No extension pack by the name 'Oracle VirtualBox Extension Pack' was found}, preserve=false aResultDetail=0
00:00:22.141078          ERROR [COM]: aRC=E_FAIL (0x80004005) aIID={bea3ef5c-de2f-4b74-aa3a-15d6249371a0} aComponent={RecordingSettingsWrap} aText={Recording not started}, preserve=false aResultDetail=0
00:00:23.792696          ERROR [COM]: aRC=E_FAIL (0x80004005) aIID={bea3ef5c-de2f-4b74-aa3a-15d6249371a0} aComponent={RecordingSettingsWrap} aText={Recording not started}, preserve=false aResultDetail=0
00:00:23.862474          ERROR [COM]: aRC=VBOX_E_INVALID_VM_STATE (0x80bb0002) aIID={e36a5081-a82a-40bd-9e4e-42a44d6ce50f} aComponent={MachineWrap} aText={The machine is not mutable, saved or running (state is Restoring)}, preserve=false aResultDetail=0
00:00:23.879147          ERROR [COM]: aRC=VBOX_E_INVALID_VM_STATE (0x80bb0002) aIID={e36a5081-a82a-40bd-9e4e-42a44d6ce50f} aComponent={SessionMachine} aText={The machine is not mutable or saved (state is Restoring)}, preserve=false aResultDetail=0
00:00:23.988214          ERROR [COM]: aRC=VBOX_E_INVALID_VM_STATE (0x80bb0002) aIID={e36a5081-a82a-40bd-9e4e-42a44d6ce50f} aComponent={SessionMachine} aText={The machine is not mutable or saved (state is Restoring)}, preserve=false aResultDetail=0
00:00:26.209046          ERROR [COM]: aRC=VBOX_E_OBJECT_NOT_FOUND (0x80bb0001) aIID={7d510820-a678-4730-a862-818dcd3fbed0} aComponent={MediumWrap} aText={Property 'CRYPT/KeyId' does not exist}, preserve=false aResultDetail=0
00:00:26.211148          HostDnsMonitorProxy::GetDomainName: no domain set
00:00:26.211863          HostDnsMonitorProxy::GetNameServers:
00:00:26.211933            name server 1: 192.168.159.192
00:00:26.212155          HostDnsMonitorProxy::GetSearchStrings:
00:00:26.212178            no search string entries
00:00:33.688023          Saving settings file "C:\Users\RAJAN\VirtualBox VMs\Basics\Basics.vbox" with version "1.19-windows"
00:00:33.709934          Finished saving settings file "C:\Users\RAJAN\VirtualBox VMs\Basics\Basics.vbox"
00:00:34.182946          ERROR [COM]: aRC=E_FAIL (0x80004005) aIID={bea3ef5c-de2f-4b74-aa3a-15d6249371a0} aComponent={RecordingSettingsWrap} aText={Recording not started}, preserve=false aResultDetail=0
00:00:34.196729          ERROR [COM]: aRC=VBOX_E_INVALID_VM_STATE (0x80bb0002) aIID={e36a5081-a82a-40bd-9e4e-42a44d6ce50f} aComponent={MachineWrap} aText={The machine is not mutable, saved or running (state is Running)}, preserve=false aResultDetail=0
00:00:45.900623          ERROR [COM]: aRC=VBOX_E_INVALID_VM_STATE (0x80bb0002) aIID={e36a5081-a82a-40bd-9e4e-42a44d6ce50f} aComponent={MachineWrap} aText={The machine is not mutable, saved or running (state is Paused)}, preserve=false aResultDetail=0
00:00:46.140558          ERROR [COM]: aRC=E_FAIL (0x80004005) aIID={bea3ef5c-de2f-4b74-aa3a-15d6249371a0} aComponent={RecordingSettingsWrap} aText={Recording not started}, preserve=false aResultDetail=0
00:00:48.256326          ERROR [COM]: aRC=E_FAIL (0x80004005) aIID={bea3ef5c-de2f-4b74-aa3a-15d6249371a0} aComponent={RecordingSettingsWrap} aText={Recording not started}, preserve=false aResultDetail=0
00:00:48.529964          ERROR [COM]: aRC=VBOX_E_INVALID_VM_STATE (0x80bb0002) aIID={e36a5081-a82a-40bd-9e4e-42a44d6ce50f} aComponent={MachineWrap} aText={The machine is not mutable, saved or running (state is Saving)}, preserve=false aResultDetail=0
00:00:53.226345          Saving settings file "C:\Users\RAJAN\VirtualBox VMs\Basics\Basics.vbox" with version "1.19-windows"
00:00:53.235399          Finished saving settings file "C:\Users\RAJAN\VirtualBox VMs\Basics\Basics.vbox"
00:00:53.243753          ERROR [COM]: aRC=VBOX_E_IPRT_ERROR (0x80bb0005) aIID={e36a5081-a82a-40bd-9e4e-42a44d6ce50f} aComponent={MachineWrap} aText={Saved screenshot thumbnail data is not available (VERR_NOT_SUPPORTED)}, preserve=false aResultDetail=-37
00:00:53.307246          ERROR [COM]: aRC=E_FAIL (0x80004005) aIID={bea3ef5c-de2f-4b74-aa3a-15d6249371a0} aComponent={RecordingSettingsWrap} aText={Recording not started}, preserve=false aResultDetail=0
00:00:53.340780 SaveState Saving settings file "C:\Users\RAJAN\VirtualBox VMs\Basics\Basics.vbox" with version "1.19-windows"
00:00:53.347482 SaveState Finished saving settings file "C:\Users\RAJAN\VirtualBox VMs\Basics\Basics.vbox"
00:00:53.383737          ERROR [COM]: aRC=E_INVALIDARG (0x80070057) aIID={e36a5081-a82a-40bd-9e4e-42a44d6ce50f} aComponent={SessionMachine} aText={Properties with TRANSIENT or TRANSRESET flag cannot be set or modified if VM is not running}, preserve=false aResultDetail=0
00:00:53.613980          ERROR [COM]: aRC=VBOX_E_INVALID_VM_STATE (0x80bb0002) aIID={e36a5081-a82a-40bd-9e4e-42a44d6ce50f} aComponent={MachineWrap} aText={The machine is not mutable, saved or running (state is Saved)}, preserve=false aResultDetail=0
00:00:54.796927          ERROR [COM]: aRC=VBOX_E_INVALID_VM_STATE (0x80bb0002) aIID={e36a5081-a82a-40bd-9e4e-42a44d6ce50f} aComponent={MachineWrap} aText={The machine is not mutable, saved or running (state is Saved)}, preserve=false aResultDetail=0
00:03:25.377268          Launched VM: 4111792448 pid: 19512 (0x4c38) frontend: GUI/Qt name: Basics
00:03:25.436857          ERROR [COM]: aRC=VBOX_E_INVALID_VM_STATE (0x80bb0002) aIID={e36a5081-a82a-40bd-9e4e-42a44d6ce50f} aComponent={MachineWrap} aText={The machine is not mutable, saved or running (state is Saved)}, preserve=false aResultDetail=0
00:03:32.022990          Platform architecture set to 'x86'
00:03:32.160951          ERROR [COM]: aRC=VBOX_E_INVALID_VM_STATE (0x80bb0002) aIID={e36a5081-a82a-40bd-9e4e-42a44d6ce50f} aComponent={MachineWrap} aText={The machine is not mutable, saved or running (state is Saved)}, preserve=false aResultDetail=0
00:03:33.134568          ERROR [COM]: aRC=VBOX_E_OBJECT_NOT_FOUND (0x80bb0001) aIID={70401eef-c8e9-466b-9660-45cb3e9979e4} aComponent={ExtPackManagerWrap} aText={No extension pack by the name 'Oracle VirtualBox Extension Pack' was found}, preserve=false aResultDetail=0
00:03:33.225421          ERROR [COM]: aRC=E_FAIL (0x80004005) aIID={bea3ef5c-de2f-4b74-aa3a-15d6249371a0} aComponent={RecordingSettingsWrap} aText={Recording not started}, preserve=false aResultDetail=0
00:03:34.434566          ERROR [COM]: aRC=E_FAIL (0x80004005) aIID={bea3ef5c-de2f-4b74-aa3a-15d6249371a0} aComponent={RecordingSettingsWrap} aText={Recording not started}, preserve=false aResultDetail=0
00:03:34.500405          ERROR [COM]: aRC=VBOX_E_INVALID_VM_STATE (0x80bb0002) aIID={e36a5081-a82a-40bd-9e4e-42a44d6ce50f} aComponent={SessionMachine} aText={The machine is not mutable or saved (state is Restoring)}, preserve=false aResultDetail=0
00:03:34.577519          ERROR [COM]: aRC=VBOX_E_INVALID_VM_STATE (0x80bb0002) aIID={e36a5081-a82a-40bd-9e4e-42a44d6ce50f} aComponent={SessionMachine} aText={The machine is not mutable or saved (state is Restoring)}, preserve=false aResultDetail=0
00:03:34.578376          ERROR [COM]: aRC=VBOX_E_INVALID_VM_STATE (0x80bb0002) aIID={e36a5081-a82a-40bd-9e4e-42a44d6ce50f} aComponent={MachineWrap} aText={The machine is not mutable, saved or running (state is Restoring)}, preserve=false aResultDetail=0
00:03:36.341853          ERROR [COM]: aRC=VBOX_E_OBJECT_NOT_FOUND (0x80bb0001) aIID={7d510820-a678-4730-a862-818dcd3fbed0} aComponent={MediumWrap} aText={Property 'CRYPT/KeyId' does not exist}, preserve=false aResultDetail=0
00:03:36.343120          HostDnsMonitorProxy::GetDomainName: no domain set
00:03:36.343256          HostDnsMonitorProxy::GetNameServers:
00:03:36.343271            name server 1: 192.168.159.192
00:03:36.343347          HostDnsMonitorProxy::GetSearchStrings:
00:03:36.343358            no search string entries
00:03:41.084883          Saving settings file "C:\Users\RAJAN\VirtualBox VMs\Basics\Basics.vbox" with version "1.19-windows"
00:03:41.102814          Finished saving settings file "C:\Users\RAJAN\VirtualBox VMs\Basics\Basics.vbox"
00:03:41.278319          ERROR [COM]: aRC=E_FAIL (0x80004005) aIID={bea3ef5c-de2f-4b74-aa3a-15d6249371a0} aComponent={RecordingSettingsWrap} aText={Recording not started}, preserve=false aResultDetail=0
00:03:41.392999          ERROR [COM]: aRC=VBOX_E_INVALID_VM_STATE (0x80bb0002) aIID={e36a5081-a82a-40bd-9e4e-42a44d6ce50f} aComponent={MachineWrap} aText={The machine is not mutable, saved or running (state is Running)}, preserve=false aResultDetail=0
00:03:59.069718          Saving settings file "C:\Users\RAJAN\VirtualBox VMs\Basics\Basics.vbox" with version "1.19-windows"
00:03:59.075083          Finished saving settings file "C:\Users\RAJAN\VirtualBox VMs\Basics\Basics.vbox"
00:03:59.119353          ERROR [COM]: aRC=VBOX_E_INVALID_VM_STATE (0x80bb0002) aIID={e36a5081-a82a-40bd-9e4e-42a44d6ce50f} aComponent={MachineWrap} aText={The machine is not mutable, saved or running (state is Running)}, preserve=false aResultDetail=0
00:04:19.283670          ERROR [COM]: aRC=VBOX_E_INVALID_VM_STATE (0x80bb0002) aIID={e36a5081-a82a-40bd-9e4e-42a44d6ce50f} aComponent={MachineWrap} aText={The machine is not mutable, saved or running (state is Paused)}, preserve=false aResultDetail=0
00:04:19.326555          ERROR [COM]: aRC=E_FAIL (0x80004005) aIID={bea3ef5c-de2f-4b74-aa3a-15d6249371a0} aComponent={RecordingSettingsWrap} aText={Recording not started}, preserve=false aResultDetail=0
00:04:21.768679          ERROR [COM]: aRC=E_FAIL (0x80004005) aIID={bea3ef5c-de2f-4b74-aa3a-15d6249371a0} aComponent={RecordingSettingsWrap} aText={Recording not started}, preserve=false aResultDetail=0
00:04:21.859589          ERROR [COM]: aRC=VBOX_E_INVALID_VM_STATE (0x80bb0002) aIID={e36a5081-a82a-40bd-9e4e-42a44d6ce50f} aComponent={MachineWrap} aText={The machine is not mutable, saved or running (state is Saving)}, preserve=false aResultDetail=0
00:04:25.891882          Saving settings file "C:\Users\RAJAN\VirtualBox VMs\Basics\Basics.vbox" with version "1.19-windows"
00:04:25.898978          Finished saving settings file "C:\Users\RAJAN\VirtualBox VMs\Basics\Basics.vbox"
00:04:25.910469          ERROR [COM]: aRC=VBOX_E_IPRT_ERROR (0x80bb0005) aIID={e36a5081-a82a-40bd-9e4e-42a44d6ce50f} aComponent={MachineWrap} aText={Saved screenshot thumbnail data is not available (VERR_NOT_SUPPORTED)}, preserve=false aResultDetail=-37
00:04:25.933901          ERROR [COM]: aRC=E_FAIL (0x80004005) aIID={bea3ef5c-de2f-4b74-aa3a-15d6249371a0} aComponent={RecordingSettingsWrap} aText={Recording not started}, preserve=false aResultDetail=0
00:04:25.992192 SaveState Saving settings file "C:\Users\RAJAN\VirtualBox VMs\Basics\Basics.vbox" with version "1.19-windows"
00:04:25.999361 SaveState Finished saving settings file "C:\Users\RAJAN\VirtualBox VMs\Basics\Basics.vbox"
00:04:26.018082          ERROR [COM]: aRC=E_INVALIDARG (0x80070057) aIID={e36a5081-a82a-40bd-9e4e-42a44d6ce50f} aComponent={SessionMachine} aText={Properties with TRANSIENT or TRANSRESET flag cannot be set or modified if VM is not running}, preserve=false aResultDetail=0
00:04:26.217956          ERROR [COM]: aRC=VBOX_E_INVALID_VM_STATE (0x80bb0002) aIID={e36a5081-a82a-40bd-9e4e-42a44d6ce50f} aComponent={MachineWrap} aText={The machine is not mutable, saved or running (state is Saved)}, preserve=false aResultDetail=0
00:04:26.952763          ERROR [COM]: aRC=VBOX_E_INVALID_VM_STATE (0x80bb0002) aIID={e36a5081-a82a-40bd-9e4e-42a44d6ce50f} aComponent={MachineWrap} aText={The machine is not mutable, saved or running (state is Saved)}, preserve=false aResultDetail=0
00:04:55.837431 USBPROXY usbLibGetDevices: Starting USB device enumeration
00:04:56.063140 USBPROXY Getting USB descriptor (id 0) failed (dwErr=31) on hub USB#ROOT_HUB30#5&31c52a58&0&0#{f18a0e88-c30c-11d0-8815-00a0c906bed8} port 1
00:04:56.070083 USBPROXY usbLibGetDevices: Found 2 USB devices, 0 captured
00:07:51.717021          Saving settings file "C:\Users\RAJAN\.VirtualBox\VirtualBox.xml" with version "1.12-windows"
00:07:51.723477          Finished saving settings file "C:\Users\RAJAN\.VirtualBox\VirtualBox.xml"
00:07:51.725225          Saving settings file "C:\Users\RAJAN\.VirtualBox\VirtualBox.xml" with version "1.12-windows"
00:07:51.731519          Finished saving settings file "C:\Users\RAJAN\.VirtualBox\VirtualBox.xml"
00:07:51.731798          Saving settings file "C:\Users\RAJAN\.VirtualBox\VirtualBox.xml" with version "1.12-windows"
00:07:51.735863          Finished saving settings file "C:\Users\RAJAN\.VirtualBox\VirtualBox.xml"
00:07:53.509117          ERROR [COM]: aRC=VBOX_E_INVALID_VM_STATE (0x80bb0002) aIID={e36a5081-a82a-40bd-9e4e-42a44d6ce50f} aComponent={MachineWrap} aText={The machine is not mutable, saved or running (state is Saved)}, preserve=false aResultDetail=0
00:08:21.063460          Saving settings file "C:\Users\RAJAN\.VirtualBox\VirtualBox.xml" with version "1.12-windows"
00:08:21.070077          Finished saving settings file "C:\Users\RAJAN\.VirtualBox\VirtualBox.xml"
00:08:24.695273          Saving settings file "C:\Users\RAJAN\.VirtualBox\VirtualBox.xml" with version "1.12-windows"
00:08:24.703289          Finished saving settings file "C:\Users\RAJAN\.VirtualBox\VirtualBox.xml"
00:08:25.083146          ERROR [COM]: aRC=VBOX_E_INVALID_VM_STATE (0x80bb0002) aIID={e36a5081-a82a-40bd-9e4e-42a44d6ce50f} aComponent={MachineWrap} aText={The machine is not mutable, saved or running (state is Saved)}, preserve=false aResultDetail=0
00:18:47.197980 createBase Saving settings file "C:\Users\RAJAN\.VirtualBox\VirtualBox.xml" with version "1.12-windows"
00:18:47.203982 createBase Finished saving settings file "C:\Users\RAJAN\.VirtualBox\VirtualBox.xml"
00:18:47.220235          Platform architecture set to 'x86'
00:18:47.222430          Platform architecture set to 'x86'
00:18:47.222480          Platform architecture set to 'x86'
00:18:47.224556          Platform architecture set to 'x86'
00:18:47.232190          Saving settings file "C:\Users\RAJAN\VirtualBox VMs\ubuntu\ubuntu.vbox" with version "1.19-windows"
00:18:47.236190          Finished saving settings file "C:\Users\RAJAN\VirtualBox VMs\ubuntu\ubuntu.vbox"
00:18:47.236435          Saving settings file "C:\Users\RAJAN\.VirtualBox\VirtualBox.xml" with version "1.12-windows"
00:18:47.240056          Finished saving settings file "C:\Users\RAJAN\.VirtualBox\VirtualBox.xml"
00:18:47.249346          Platform architecture set to 'x86'
00:18:47.254920          Saving settings file "C:\Users\RAJAN\.VirtualBox\VirtualBox.xml" with version "1.12-windows"
00:18:47.261268          Finished saving settings file "C:\Users\RAJAN\.VirtualBox\VirtualBox.xml"
00:18:47.263800          Saving settings file "C:\Users\RAJAN\VirtualBox VMs\ubuntu\ubuntu.vbox" with version "1.19-windows"
00:18:47.269043          Finished saving settings file "C:\Users\RAJAN\VirtualBox VMs\ubuntu\ubuntu.vbox"
00:18:47.318929          Saving settings file "C:\Users\RAJAN\.VirtualBox\VirtualBox.xml" with version "1.12-windows"
00:18:47.323869          Finished saving settings file "C:\Users\RAJAN\.VirtualBox\VirtualBox.xml"
00:18:47.418044          ERROR [COM]: aRC=VBOX_E_OBJECT_NOT_FOUND (0x80bb0001) aIID={5bfd8965-b81b-469f-8649-f717ce97a5d5} aComponent={NvramStoreWrap} aText={The UEFI NVRAM file is not existing for this machine}, preserve=false aResultDetail=0
00:18:47.421203          ERROR [COM]: aRC=VBOX_E_OBJECT_NOT_FOUND (0x80bb0001) aIID={5bfd8965-b81b-469f-8649-f717ce97a5d5} aComponent={NvramStoreWrap} aText={The UEFI NVRAM file is not existing for this machine}, preserve=false aResultDetail=0
00:18:47.457962          ERROR [COM]: aRC=VBOX_E_INVALID_VM_STATE (0x80bb0002) aIID={e36a5081-a82a-40bd-9e4e-42a44d6ce50f} aComponent={MachineWrap} aText={The machine is not mutable, saved or running (state is PoweredOff)}, preserve=false aResultDetail=0
00:18:47.469160          ERROR [COM]: aRC=VBOX_E_INVALID_VM_STATE (0x80bb0002) aIID={e36a5081-a82a-40bd-9e4e-42a44d6ce50f} aComponent={MachineWrap} aText={The machine is not mutable, saved or running (state is PoweredOff)}, preserve=false aResultDetail=0
00:18:51.220418          Launched VM: 4111791632 pid: 2700 (0xa8c) frontend: GUI/Qt name: ubuntu
00:18:51.273699          ERROR [COM]: aRC=VBOX_E_OBJECT_NOT_FOUND (0x80bb0001) aIID={5bfd8965-b81b-469f-8649-f717ce97a5d5} aComponent={NvramStoreWrap} aText={The UEFI NVRAM file is not existing for this machine}, preserve=false aResultDetail=0
00:18:51.274864          ERROR [COM]: aRC=VBOX_E_OBJECT_NOT_FOUND (0x80bb0001) aIID={5bfd8965-b81b-469f-8649-f717ce97a5d5} aComponent={NvramStoreWrap} aText={The UEFI NVRAM file is not existing for this machine}, preserve=false aResultDetail=0
00:18:51.311209          ERROR [COM]: aRC=VBOX_E_INVALID_VM_STATE (0x80bb0002) aIID={e36a5081-a82a-40bd-9e4e-42a44d6ce50f} aComponent={MachineWrap} aText={The machine is not mutable, saved or running (state is PoweredOff)}, preserve=false aResultDetail=0
00:18:51.312428          ERROR [COM]: aRC=VBOX_E_INVALID_VM_STATE (0x80bb0002) aIID={e36a5081-a82a-40bd-9e4e-42a44d6ce50f} aComponent={MachineWrap} aText={The machine is not mutable, saved or running (state is PoweredOff)}, preserve=false aResultDetail=0
00:18:57.781422          Platform architecture set to 'x86'
00:18:57.893391          ERROR [COM]: aRC=VBOX_E_OBJECT_NOT_FOUND (0x80bb0001) aIID={5bfd8965-b81b-469f-8649-f717ce97a5d5} aComponent={NvramStoreWrap} aText={The UEFI NVRAM file is not existing for this machine}, preserve=false aResultDetail=0
00:18:57.896100          ERROR [COM]: aRC=VBOX_E_OBJECT_NOT_FOUND (0x80bb0001) aIID={5bfd8965-b81b-469f-8649-f717ce97a5d5} aComponent={NvramStoreWrap} aText={The UEFI NVRAM file is not existing for this machine}, preserve=false aResultDetail=0
00:18:57.905110          ERROR [COM]: aRC=VBOX_E_INVALID_VM_STATE (0x80bb0002) aIID={e36a5081-a82a-40bd-9e4e-42a44d6ce50f} aComponent={MachineWrap} aText={The machine is not mutable, saved or running (state is PoweredOff)}, preserve=false aResultDetail=0
00:18:57.906274          ERROR [COM]: aRC=VBOX_E_INVALID_VM_STATE (0x80bb0002) aIID={e36a5081-a82a-40bd-9e4e-42a44d6ce50f} aComponent={MachineWrap} aText={The machine is not mutable, saved or running (state is PoweredOff)}, preserve=false aResultDetail=0
00:18:58.603973          ERROR [COM]: aRC=VBOX_E_OBJECT_NOT_FOUND (0x80bb0001) aIID={70401eef-c8e9-466b-9660-45cb3e9979e4} aComponent={ExtPackManagerWrap} aText={No extension pack by the name 'Oracle VirtualBox Extension Pack' was found}, preserve=false aResultDetail=0
00:18:58.703218          ERROR [COM]: aRC=E_FAIL (0x80004005) aIID={bea3ef5c-de2f-4b74-aa3a-15d6249371a0} aComponent={RecordingSettingsWrap} aText={Recording not started}, preserve=false aResultDetail=0
00:19:00.271725          ERROR [COM]: aRC=VBOX_E_OBJECT_NOT_FOUND (0x80bb0001) aIID={5bfd8965-b81b-469f-8649-f717ce97a5d5} aComponent={NvramStoreWrap} aText={The UEFI NVRAM file is not existing for this machine}, preserve=false aResultDetail=0
00:19:00.286533          ERROR [COM]: aRC=VBOX_E_OBJECT_NOT_FOUND (0x80bb0001) aIID={5bfd8965-b81b-469f-8649-f717ce97a5d5} aComponent={NvramStoreWrap} aText={The UEFI NVRAM file is not existing for this machine}, preserve=false aResultDetail=0
00:19:00.290200          ERROR [COM]: aRC=E_FAIL (0x80004005) aIID={bea3ef5c-de2f-4b74-aa3a-15d6249371a0} aComponent={RecordingSettingsWrap} aText={Recording not started}, preserve=false aResultDetail=0
00:19:00.293918          ERROR [COM]: aRC=VBOX_E_INVALID_VM_STATE (0x80bb0002) aIID={e36a5081-a82a-40bd-9e4e-42a44d6ce50f} aComponent={MachineWrap} aText={The machine is not mutable, saved or running (state is Starting)}, preserve=false aResultDetail=0
00:19:00.315918          ERROR [COM]: aRC=VBOX_E_INVALID_VM_STATE (0x80bb0002) aIID={e36a5081-a82a-40bd-9e4e-42a44d6ce50f} aComponent={MachineWrap} aText={The machine is not mutable, saved or running (state is Starting)}, preserve=false aResultDetail=0
00:19:00.324341          ERROR [COM]: aRC=VBOX_E_INVALID_VM_STATE (0x80bb0002) aIID={e36a5081-a82a-40bd-9e4e-42a44d6ce50f} aComponent={SessionMachine} aText={The machine is not mutable or saved (state is Starting)}, preserve=false aResultDetail=0
00:19:00.406849          ERROR [COM]: aRC=VBOX_E_INVALID_VM_STATE (0x80bb0002) aIID={e36a5081-a82a-40bd-9e4e-42a44d6ce50f} aComponent={SessionMachine} aText={The machine is not mutable or saved (state is Starting)}, preserve=false aResultDetail=0
00:19:00.412872          Saving settings file "C:\Users\RAJAN\VirtualBox VMs\ubuntu\ubuntu.vbox" with version "1.19-windows"
00:19:00.417646          Finished saving settings file "C:\Users\RAJAN\VirtualBox VMs\ubuntu\ubuntu.vbox"
00:19:00.455912          ERROR [COM]: aRC=VBOX_E_OBJECT_NOT_FOUND (0x80bb0001) aIID={5bfd8965-b81b-469f-8649-f717ce97a5d5} aComponent={NvramStoreWrap} aText={The UEFI NVRAM file is not existing for this machine}, preserve=false aResultDetail=0
00:19:00.462817          ERROR [COM]: aRC=VBOX_E_INVALID_VM_STATE (0x80bb0002) aIID={e36a5081-a82a-40bd-9e4e-42a44d6ce50f} aComponent={MachineWrap} aText={The machine is not mutable, saved or running (state is Starting)}, preserve=false aResultDetail=0
00:19:00.463954          ERROR [COM]: aRC=VBOX_E_OBJECT_NOT_FOUND (0x80bb0001) aIID={5bfd8965-b81b-469f-8649-f717ce97a5d5} aComponent={NvramStoreWrap} aText={The UEFI NVRAM file is not existing for this machine}, preserve=false aResultDetail=0
00:19:00.475312          ERROR [COM]: aRC=VBOX_E_INVALID_VM_STATE (0x80bb0002) aIID={e36a5081-a82a-40bd-9e4e-42a44d6ce50f} aComponent={MachineWrap} aText={The machine is not mutable, saved or running (state is Starting)}, preserve=false aResultDetail=0
00:19:01.614194          ERROR [COM]: aRC=VBOX_E_OBJECT_NOT_FOUND (0x80bb0001) aIID={7d510820-a678-4730-a862-818dcd3fbed0} aComponent={MediumWrap} aText={Property 'CRYPT/KeyId' does not exist}, preserve=false aResultDetail=0
00:19:01.616006          HostDnsMonitorProxy::GetDomainName: no domain set
00:19:01.616188          HostDnsMonitorProxy::GetNameServers:
00:19:01.616196            name server 1: 192.168.159.192
00:19:01.616248          HostDnsMonitorProxy::GetSearchStrings:
00:19:01.616253            no search string entries
00:19:01.660830          ERROR [COM]: aRC=E_FAIL (0x80004005) aIID={bea3ef5c-de2f-4b74-aa3a-15d6249371a0} aComponent={RecordingSettingsWrap} aText={Recording not started}, preserve=false aResultDetail=0
00:19:01.729584          ERROR [COM]: aRC=VBOX_E_OBJECT_NOT_FOUND (0x80bb0001) aIID={5bfd8965-b81b-469f-8649-f717ce97a5d5} aComponent={NvramStoreWrap} aText={The UEFI NVRAM file is not existing for this machine}, preserve=false aResultDetail=0
00:19:01.739475          ERROR [COM]: aRC=VBOX_E_OBJECT_NOT_FOUND (0x80bb0001) aIID={5bfd8965-b81b-469f-8649-f717ce97a5d5} aComponent={NvramStoreWrap} aText={The UEFI NVRAM file is not existing for this machine}, preserve=false aResultDetail=0
00:19:01.763866          ERROR [COM]: aRC=VBOX_E_INVALID_VM_STATE (0x80bb0002) aIID={e36a5081-a82a-40bd-9e4e-42a44d6ce50f} aComponent={MachineWrap} aText={The machine is not mutable, saved or running (state is Running)}, preserve=false aResultDetail=0
00:19:01.773747          ERROR [COM]: aRC=VBOX_E_INVALID_VM_STATE (0x80bb0002) aIID={e36a5081-a82a-40bd-9e4e-42a44d6ce50f} aComponent={MachineWrap} aText={The machine is not mutable, saved or running (state is Running)}, preserve=false aResultDetail=0
00:19:04.589337          Saving settings file "C:\Users\RAJAN\VirtualBox VMs\ubuntu\ubuntu.vbox" with version "1.19-windows"
00:19:04.595745          Finished saving settings file "C:\Users\RAJAN\VirtualBox VMs\ubuntu\ubuntu.vbox"
00:19:04.620839          ERROR [COM]: aRC=VBOX_E_OBJECT_NOT_FOUND (0x80bb0001) aIID={5bfd8965-b81b-469f-8649-f717ce97a5d5} aComponent={NvramStoreWrap} aText={The UEFI NVRAM file is not existing for this machine}, preserve=false aResultDetail=0
00:19:04.625034          ERROR [COM]: aRC=VBOX_E_OBJECT_NOT_FOUND (0x80bb0001) aIID={5bfd8965-b81b-469f-8649-f717ce97a5d5} aComponent={NvramStoreWrap} aText={The UEFI NVRAM file is not existing for this machine}, preserve=false aResultDetail=0
00:19:04.665673          ERROR [COM]: aRC=VBOX_E_INVALID_VM_STATE (0x80bb0002) aIID={e36a5081-a82a-40bd-9e4e-42a44d6ce50f} aComponent={MachineWrap} aText={The machine is not mutable, saved or running (state is Running)}, preserve=false aResultDetail=0
00:19:04.678627          ERROR [COM]: aRC=VBOX_E_INVALID_VM_STATE (0x80bb0002) aIID={e36a5081-a82a-40bd-9e4e-42a44d6ce50f} aComponent={MachineWrap} aText={The machine is not mutable, saved or running (state is Running)}, preserve=false aResultDetail=0
00:19:30.618278          ERROR [COM]: aRC=VBOX_E_OBJECT_NOT_FOUND (0x80bb0001) aIID={5bfd8965-b81b-469f-8649-f717ce97a5d5} aComponent={NvramStoreWrap} aText={The UEFI NVRAM file is not existing for this machine}, preserve=false aResultDetail=0
00:19:30.624437          ERROR [COM]: aRC=VBOX_E_OBJECT_NOT_FOUND (0x80bb0001) aIID={5bfd8965-b81b-469f-8649-f717ce97a5d5} aComponent={NvramStoreWrap} aText={The UEFI NVRAM file is not existing for this machine}, preserve=false aResultDetail=0
00:19:30.632512          ERROR [COM]: aRC=VBOX_E_INVALID_VM_STATE (0x80bb0002) aIID={e36a5081-a82a-40bd-9e4e-42a44d6ce50f} aComponent={MachineWrap} aText={The machine is not mutable, saved or running (state is Paused)}, preserve=false aResultDetail=0
00:19:30.639447          ERROR [COM]: aRC=VBOX_E_INVALID_VM_STATE (0x80bb0002) aIID={e36a5081-a82a-40bd-9e4e-42a44d6ce50f} aComponent={MachineWrap} aText={The machine is not mutable, saved or running (state is Paused)}, preserve=false aResultDetail=0
00:19:30.652354          ERROR [COM]: aRC=E_FAIL (0x80004005) aIID={bea3ef5c-de2f-4b74-aa3a-15d6249371a0} aComponent={RecordingSettingsWrap} aText={Recording not started}, preserve=false aResultDetail=0
00:19:43.594106          ERROR [COM]: aRC=E_FAIL (0x80004005) aIID={bea3ef5c-de2f-4b74-aa3a-15d6249371a0} aComponent={RecordingSettingsWrap} aText={Recording not started}, preserve=false aResultDetail=0
00:19:43.595205          ERROR [COM]: aRC=VBOX_E_OBJECT_NOT_FOUND (0x80bb0001) aIID={5bfd8965-b81b-469f-8649-f717ce97a5d5} aComponent={NvramStoreWrap} aText={The UEFI NVRAM file is not existing for this machine}, preserve=false aResultDetail=0
00:19:43.599224          ERROR [COM]: aRC=VBOX_E_OBJECT_NOT_FOUND (0x80bb0001) aIID={5bfd8965-b81b-469f-8649-f717ce97a5d5} aComponent={NvramStoreWrap} aText={The UEFI NVRAM file is not existing for this machine}, preserve=false aResultDetail=0
00:19:43.605754          ERROR [COM]: aRC=VBOX_E_INVALID_VM_STATE (0x80bb0002) aIID={e36a5081-a82a-40bd-9e4e-42a44d6ce50f} aComponent={MachineWrap} aText={The machine is not mutable, saved or running (state is Running)}, preserve=false aResultDetail=0
00:19:43.612861          ERROR [COM]: aRC=VBOX_E_INVALID_VM_STATE (0x80bb0002) aIID={e36a5081-a82a-40bd-9e4e-42a44d6ce50f} aComponent={MachineWrap} aText={The machine is not mutable, saved or running (state is Running)}, preserve=false aResultDetail=0
00:19:52.321788          Saving settings file "C:\Users\RAJAN\VirtualBox VMs\ubuntu\ubuntu.vbox" with version "1.19-windows"
00:19:52.326990          Finished saving settings file "C:\Users\RAJAN\VirtualBox VMs\ubuntu\ubuntu.vbox"
00:19:52.344433          ERROR [COM]: aRC=VBOX_E_OBJECT_NOT_FOUND (0x80bb0001) aIID={5bfd8965-b81b-469f-8649-f717ce97a5d5} aComponent={NvramStoreWrap} aText={The UEFI NVRAM file is not existing for this machine}, preserve=false aResultDetail=0
00:19:52.346282          ERROR [COM]: aRC=VBOX_E_OBJECT_NOT_FOUND (0x80bb0001) aIID={5bfd8965-b81b-469f-8649-f717ce97a5d5} aComponent={NvramStoreWrap} aText={The UEFI NVRAM file is not existing for this machine}, preserve=false aResultDetail=0
00:19:52.358583          ERROR [COM]: aRC=VBOX_E_INVALID_VM_STATE (0x80bb0002) aIID={e36a5081-a82a-40bd-9e4e-42a44d6ce50f} aComponent={MachineWrap} aText={The machine is not mutable, saved or running (state is Running)}, preserve=false aResultDetail=0
00:19:52.361521          ERROR [COM]: aRC=VBOX_E_INVALID_VM_STATE (0x80bb0002) aIID={e36a5081-a82a-40bd-9e4e-42a44d6ce50f} aComponent={MachineWrap} aText={The machine is not mutable, saved or running (state is Running)}, preserve=false aResultDetail=0
00:23:07.049899          ERROR [COM]: aRC=VBOX_E_OBJECT_NOT_FOUND (0x80bb0001) aIID={5bfd8965-b81b-469f-8649-f717ce97a5d5} aComponent={NvramStoreWrap} aText={The UEFI NVRAM file is not existing for this machine}, preserve=false aResultDetail=0
00:23:07.050990          ERROR [COM]: aRC=VBOX_E_OBJECT_NOT_FOUND (0x80bb0001) aIID={5bfd8965-b81b-469f-8649-f717ce97a5d5} aComponent={NvramStoreWrap} aText={The UEFI NVRAM file is not existing for this machine}, preserve=false aResultDetail=0
00:23:07.070218          ERROR [COM]: aRC=VBOX_E_INVALID_VM_STATE (0x80bb0002) aIID={e36a5081-a82a-40bd-9e4e-42a44d6ce50f} aComponent={MachineWrap} aText={The machine is not mutable, saved or running (state is Paused)}, preserve=false aResultDetail=0
00:23:07.071922          ERROR [COM]: aRC=VBOX_E_INVALID_VM_STATE (0x80bb0002) aIID={e36a5081-a82a-40bd-9e4e-42a44d6ce50f} aComponent={MachineWrap} aText={The machine is not mutable, saved or running (state is Paused)}, preserve=false aResultDetail=0
00:23:07.074074          ERROR [COM]: aRC=E_FAIL (0x80004005) aIID={bea3ef5c-de2f-4b74-aa3a-15d6249371a0} aComponent={RecordingSettingsWrap} aText={Recording not started}, preserve=false aResultDetail=0
00:23:08.980420          Saving settings file "C:\Users\RAJAN\VirtualBox VMs\ubuntu\ubuntu.vbox" with version "1.19-windows"
00:23:08.983757          Finished saving settings file "C:\Users\RAJAN\VirtualBox VMs\ubuntu\ubuntu.vbox"
00:23:09.012507          ERROR [COM]: aRC=VBOX_E_OBJECT_NOT_FOUND (0x80bb0001) aIID={5bfd8965-b81b-469f-8649-f717ce97a5d5} aComponent={NvramStoreWrap} aText={The UEFI NVRAM file is not existing for this machine}, preserve=false aResultDetail=0
00:23:09.013809          ERROR [COM]: aRC=VBOX_E_OBJECT_NOT_FOUND (0x80bb0001) aIID={5bfd8965-b81b-469f-8649-f717ce97a5d5} aComponent={NvramStoreWrap} aText={The UEFI NVRAM file is not existing for this machine}, preserve=false aResultDetail=0
00:23:09.074667          ERROR [COM]: aRC=E_FAIL (0x80004005) aIID={bea3ef5c-de2f-4b74-aa3a-15d6249371a0} aComponent={RecordingSettingsWrap} aText={Recording not started}, preserve=false aResultDetail=0
00:23:09.076042          ERROR [COM]: aRC=VBOX_E_OBJECT_NOT_FOUND (0x80bb0001) aIID={5bfd8965-b81b-469f-8649-f717ce97a5d5} aComponent={NvramStoreWrap} aText={The UEFI NVRAM file is not existing for this machine}, preserve=false aResultDetail=0
00:23:09.085170          ERROR [COM]: aRC=VBOX_E_OBJECT_NOT_FOUND (0x80bb0001) aIID={5bfd8965-b81b-469f-8649-f717ce97a5d5} aComponent={NvramStoreWrap} aText={The UEFI NVRAM file is not existing for this machine}, preserve=false aResultDetail=0
00:23:09.104931          ERROR [COM]: aRC=VBOX_E_INVALID_VM_STATE (0x80bb0002) aIID={e36a5081-a82a-40bd-9e4e-42a44d6ce50f} aComponent={MachineWrap} aText={The machine is not mutable, saved or running (state is Saving)}, preserve=false aResultDetail=0
00:23:09.108174          ERROR [COM]: aRC=VBOX_E_INVALID_VM_STATE (0x80bb0002) aIID={e36a5081-a82a-40bd-9e4e-42a44d6ce50f} aComponent={MachineWrap} aText={The machine is not mutable, saved or running (state is Saving)}, preserve=false aResultDetail=0
00:23:12.555839          Saving settings file "C:\Users\RAJAN\VirtualBox VMs\ubuntu\ubuntu.vbox" with version "1.19-windows"
00:23:12.565884          Finished saving settings file "C:\Users\RAJAN\VirtualBox VMs\ubuntu\ubuntu.vbox"
00:23:12.608645          ERROR [COM]: aRC=E_FAIL (0x80004005) aIID={bea3ef5c-de2f-4b74-aa3a-15d6249371a0} aComponent={RecordingSettingsWrap} aText={Recording not started}, preserve=false aResultDetail=0
00:23:12.632395          ERROR [COM]: aRC=VBOX_E_IPRT_ERROR (0x80bb0005) aIID={e36a5081-a82a-40bd-9e4e-42a44d6ce50f} aComponent={MachineWrap} aText={Saved screenshot thumbnail data is not available (VERR_NOT_SUPPORTED)}, preserve=false aResultDetail=-37
00:23:12.649354 SaveState Saving settings file "C:\Users\RAJAN\VirtualBox VMs\ubuntu\ubuntu.vbox" with version "1.19-windows"
00:23:12.658640 SaveState Finished saving settings file "C:\Users\RAJAN\VirtualBox VMs\ubuntu\ubuntu.vbox"
00:23:12.675729          ERROR [COM]: aRC=E_INVALIDARG (0x80070057) aIID={e36a5081-a82a-40bd-9e4e-42a44d6ce50f} aComponent={SessionMachine} aText={Properties with TRANSIENT or TRANSRESET flag cannot be set or modified if VM is not running}, preserve=false aResultDetail=0
00:23:12.899302          ERROR [COM]: aRC=VBOX_E_OBJECT_NOT_FOUND (0x80bb0001) aIID={5bfd8965-b81b-469f-8649-f717ce97a5d5} aComponent={NvramStoreWrap} aText={The UEFI NVRAM file is not existing for this machine}, preserve=false aResultDetail=0
00:23:12.964413          ERROR [COM]: aRC=VBOX_E_INVALID_VM_STATE (0x80bb0002) aIID={e36a5081-a82a-40bd-9e4e-42a44d6ce50f} aComponent={MachineWrap} aText={The machine is not mutable, saved or running (state is Saved)}, preserve=false aResultDetail=0
00:23:12.966873          ERROR [COM]: aRC=VBOX_E_OBJECT_NOT_FOUND (0x80bb0001) aIID={5bfd8965-b81b-469f-8649-f717ce97a5d5} aComponent={NvramStoreWrap} aText={The UEFI NVRAM file is not existing for this machine}, preserve=false aResultDetail=0
00:23:13.024430          ERROR [COM]: aRC=VBOX_E_INVALID_VM_STATE (0x80bb0002) aIID={e36a5081-a82a-40bd-9e4e-42a44d6ce50f} aComponent={MachineWrap} aText={The machine is not mutable, saved or running (state is Saved)}, preserve=false aResultDetail=0
00:23:14.076806          ERROR [COM]: aRC=VBOX_E_OBJECT_NOT_FOUND (0x80bb0001) aIID={5bfd8965-b81b-469f-8649-f717ce97a5d5} aComponent={NvramStoreWrap} aText={The UEFI NVRAM file is not existing for this machine}, preserve=false aResultDetail=0
00:23:14.077776          ERROR [COM]: aRC=VBOX_E_OBJECT_NOT_FOUND (0x80bb0001) aIID={5bfd8965-b81b-469f-8649-f717ce97a5d5} aComponent={NvramStoreWrap} aText={The UEFI NVRAM file is not existing for this machine}, preserve=false aResultDetail=0
00:23:14.089470          ERROR [COM]: aRC=VBOX_E_INVALID_VM_STATE (0x80bb0002) aIID={e36a5081-a82a-40bd-9e4e-42a44d6ce50f} aComponent={MachineWrap} aText={The machine is not mutable, saved or running (state is Saved)}, preserve=false aResultDetail=0
00:23:14.091495          ERROR [COM]: aRC=VBOX_E_INVALID_VM_STATE (0x80bb0002) aIID={e36a5081-a82a-40bd-9e4e-42a44d6ce50f} aComponent={MachineWrap} aText={The machine is not mutable, saved or running (state is Saved)}, preserve=false aResultDetail=0
00:23:18.346989          Saving settings file "C:\Users\RAJAN\.VirtualBox\VirtualBox.xml" with version "1.12-windows"
00:23:18.359564          Finished saving settings file "C:\Users\RAJAN\.VirtualBox\VirtualBox.xml"
00:23:18.360592          Saving settings file "C:\Users\RAJAN\.VirtualBox\VirtualBox.xml" with version "1.12-windows"
00:23:18.366920          Finished saving settings file "C:\Users\RAJAN\.VirtualBox\VirtualBox.xml"
00:23:18.367756          Saving settings file "C:\Users\RAJAN\.VirtualBox\VirtualBox.xml" with version "1.12-windows"
00:23:18.374066          Finished saving settings file "C:\Users\RAJAN\.VirtualBox\VirtualBox.xml"
00:23:19.964758          ERROR [COM]: aRC=VBOX_E_OBJECT_NOT_FOUND (0x80bb0001) aIID={5bfd8965-b81b-469f-8649-f717ce97a5d5} aComponent={NvramStoreWrap} aText={The UEFI NVRAM file is not existing for this machine}, preserve=false aResultDetail=0
00:23:20.163331          ERROR [COM]: aRC=VBOX_E_INVALID_VM_STATE (0x80bb0002) aIID={e36a5081-a82a-40bd-9e4e-42a44d6ce50f} aComponent={MachineWrap} aText={The machine is not mutable, saved or running (state is Saved)}, preserve=false aResultDetail=0
00:23:30.220969          Launched VM: 4111622496 pid: 10148 (0x27a4) frontend: GUI/Qt name: ubuntu
00:23:30.239818          ERROR [COM]: aRC=VBOX_E_OBJECT_NOT_FOUND (0x80bb0001) aIID={5bfd8965-b81b-469f-8649-f717ce97a5d5} aComponent={NvramStoreWrap} aText={The UEFI NVRAM file is not existing for this machine}, preserve=false aResultDetail=0
00:23:30.251825          ERROR [COM]: aRC=VBOX_E_OBJECT_NOT_FOUND (0x80bb0001) aIID={5bfd8965-b81b-469f-8649-f717ce97a5d5} aComponent={NvramStoreWrap} aText={The UEFI NVRAM file is not existing for this machine}, preserve=false aResultDetail=0
00:23:30.252000          ERROR [COM]: aRC=VBOX_E_OBJECT_NOT_FOUND (0x80bb0001) aIID={5bfd8965-b81b-469f-8649-f717ce97a5d5} aComponent={NvramStoreWrap} aText={The UEFI NVRAM file is not existing for this machine}, preserve=false aResultDetail=0
00:23:30.256334          ERROR [COM]: aRC=VBOX_E_INVALID_VM_STATE (0x80bb0002) aIID={e36a5081-a82a-40bd-9e4e-42a44d6ce50f} aComponent={MachineWrap} aText={The machine is not mutable, saved or running (state is Saved)}, preserve=false aResultDetail=0
00:23:30.269783          ERROR [COM]: aRC=VBOX_E_INVALID_VM_STATE (0x80bb0002) aIID={e36a5081-a82a-40bd-9e4e-42a44d6ce50f} aComponent={MachineWrap} aText={The machine is not mutable, saved or running (state is Saved)}, preserve=false aResultDetail=0
00:23:30.276817          ERROR [COM]: aRC=VBOX_E_INVALID_VM_STATE (0x80bb0002) aIID={e36a5081-a82a-40bd-9e4e-42a44d6ce50f} aComponent={MachineWrap} aText={The machine is not mutable, saved or running (state is Saved)}, preserve=false aResultDetail=0
00:23:36.714807          Platform architecture set to 'x86'
00:23:36.849331          ERROR [COM]: aRC=VBOX_E_OBJECT_NOT_FOUND (0x80bb0001) aIID={5bfd8965-b81b-469f-8649-f717ce97a5d5} aComponent={NvramStoreWrap} aText={The UEFI NVRAM file is not existing for this machine}, preserve=false aResultDetail=0
00:23:36.850769          ERROR [COM]: aRC=VBOX_E_OBJECT_NOT_FOUND (0x80bb0001) aIID={5bfd8965-b81b-469f-8649-f717ce97a5d5} aComponent={NvramStoreWrap} aText={The UEFI NVRAM file is not existing for this machine}, preserve=false aResultDetail=0
00:23:36.851067          ERROR [COM]: aRC=VBOX_E_OBJECT_NOT_FOUND (0x80bb0001) aIID={5bfd8965-b81b-469f-8649-f717ce97a5d5} aComponent={NvramStoreWrap} aText={The UEFI NVRAM file is not existing for this machine}, preserve=false aResultDetail=0
00:23:36.865227          ERROR [COM]: aRC=VBOX_E_INVALID_VM_STATE (0x80bb0002) aIID={e36a5081-a82a-40bd-9e4e-42a44d6ce50f} aComponent={MachineWrap} aText={The machine is not mutable, saved or running (state is Saved)}, preserve=false aResultDetail=0
00:23:36.866269          ERROR [COM]: aRC=VBOX_E_INVALID_VM_STATE (0x80bb0002) aIID={e36a5081-a82a-40bd-9e4e-42a44d6ce50f} aComponent={MachineWrap} aText={The machine is not mutable, saved or running (state is Saved)}, preserve=false aResultDetail=0
00:23:36.869540          ERROR [COM]: aRC=VBOX_E_INVALID_VM_STATE (0x80bb0002) aIID={e36a5081-a82a-40bd-9e4e-42a44d6ce50f} aComponent={MachineWrap} aText={The machine is not mutable, saved or running (state is Saved)}, preserve=false aResultDetail=0
00:23:37.687732          ERROR [COM]: aRC=VBOX_E_OBJECT_NOT_FOUND (0x80bb0001) aIID={70401eef-c8e9-466b-9660-45cb3e9979e4} aComponent={ExtPackManagerWrap} aText={No extension pack by the name 'Oracle VirtualBox Extension Pack' was found}, preserve=false aResultDetail=0
00:23:37.751002          ERROR [COM]: aRC=E_FAIL (0x80004005) aIID={bea3ef5c-de2f-4b74-aa3a-15d6249371a0} aComponent={RecordingSettingsWrap} aText={Recording not started}, preserve=false aResultDetail=0
00:23:38.866453          ERROR [COM]: aRC=E_FAIL (0x80004005) aIID={bea3ef5c-de2f-4b74-aa3a-15d6249371a0} aComponent={RecordingSettingsWrap} aText={Recording not started}, preserve=false aResultDetail=0
00:23:38.907491          ERROR [COM]: aRC=VBOX_E_OBJECT_NOT_FOUND (0x80bb0001) aIID={5bfd8965-b81b-469f-8649-f717ce97a5d5} aComponent={NvramStoreWrap} aText={The UEFI NVRAM file is not existing for this machine}, preserve=false aResultDetail=0
00:23:38.914880          ERROR [COM]: aRC=VBOX_E_OBJECT_NOT_FOUND (0x80bb0001) aIID={5bfd8965-b81b-469f-8649-f717ce97a5d5} aComponent={NvramStoreWrap} aText={The UEFI NVRAM file is not existing for this machine}, preserve=false aResultDetail=0
00:23:38.937626          ERROR [COM]: aRC=VBOX_E_INVALID_VM_STATE (0x80bb0002) aIID={e36a5081-a82a-40bd-9e4e-42a44d6ce50f} aComponent={SessionMachine} aText={The machine is not mutable or saved (state is Restoring)}, preserve=false aResultDetail=0
00:23:38.939401          ERROR [COM]: aRC=VBOX_E_OBJECT_NOT_FOUND (0x80bb0001) aIID={5bfd8965-b81b-469f-8649-f717ce97a5d5} aComponent={NvramStoreWrap} aText={The UEFI NVRAM file is not existing for this machine}, preserve=false aResultDetail=0
00:23:39.010201          ERROR [COM]: aRC=VBOX_E_INVALID_VM_STATE (0x80bb0002) aIID={e36a5081-a82a-40bd-9e4e-42a44d6ce50f} aComponent={MachineWrap} aText={The machine is not mutable, saved or running (state is Restoring)}, preserve=false aResultDetail=0
00:23:39.019280          ERROR [COM]: aRC=VBOX_E_INVALID_VM_STATE (0x80bb0002) aIID={e36a5081-a82a-40bd-9e4e-42a44d6ce50f} aComponent={MachineWrap} aText={The machine is not mutable, saved or running (state is Restoring)}, preserve=false aResultDetail=0
00:23:39.066517          ERROR [COM]: aRC=VBOX_E_INVALID_VM_STATE (0x80bb0002) aIID={e36a5081-a82a-40bd-9e4e-42a44d6ce50f} aComponent={MachineWrap} aText={The machine is not mutable, saved or running (state is Restoring)}, preserve=false aResultDetail=0
00:23:40.186753          ERROR [COM]: aRC=VBOX_E_OBJECT_NOT_FOUND (0x80bb0001) aIID={7d510820-a678-4730-a862-818dcd3fbed0} aComponent={MediumWrap} aText={Property 'CRYPT/KeyId' does not exist}, preserve=false aResultDetail=0
00:23:40.188800          HostDnsMonitorProxy::GetDomainName: no domain set
00:23:40.188880          HostDnsMonitorProxy::GetNameServers:
00:23:40.188886            name server 1: 192.168.159.192
00:23:40.188924          HostDnsMonitorProxy::GetSearchStrings:
00:23:40.188929            no search string entries
00:23:43.587382          Saving settings file "C:\Users\RAJAN\VirtualBox VMs\ubuntu\ubuntu.vbox" with version "1.19-windows"
00:23:43.636071          Finished saving settings file "C:\Users\RAJAN\VirtualBox VMs\ubuntu\ubuntu.vbox"
00:23:43.771213          ERROR [COM]: aRC=E_FAIL (0x80004005) aIID={bea3ef5c-de2f-4b74-aa3a-15d6249371a0} aComponent={RecordingSettingsWrap} aText={Recording not started}, preserve=false aResultDetail=0
00:23:43.778215          ERROR [COM]: aRC=VBOX_E_OBJECT_NOT_FOUND (0x80bb0001) aIID={5bfd8965-b81b-469f-8649-f717ce97a5d5} aComponent={NvramStoreWrap} aText={The UEFI NVRAM file is not existing for this machine}, preserve=false aResultDetail=0
00:23:43.790829          ERROR [COM]: aRC=VBOX_E_OBJECT_NOT_FOUND (0x80bb0001) aIID={5bfd8965-b81b-469f-8649-f717ce97a5d5} aComponent={NvramStoreWrap} aText={The UEFI NVRAM file is not existing for this machine}, preserve=false aResultDetail=0
00:23:43.800355          ERROR [COM]: aRC=VBOX_E_OBJECT_NOT_FOUND (0x80bb0001) aIID={5bfd8965-b81b-469f-8649-f717ce97a5d5} aComponent={NvramStoreWrap} aText={The UEFI NVRAM file is not existing for this machine}, preserve=false aResultDetail=0
00:23:43.851559          ERROR [COM]: aRC=VBOX_E_INVALID_VM_STATE (0x80bb0002) aIID={e36a5081-a82a-40bd-9e4e-42a44d6ce50f} aComponent={MachineWrap} aText={The machine is not mutable, saved or running (state is Running)}, preserve=false aResultDetail=0
00:23:43.855807          ERROR [COM]: aRC=VBOX_E_INVALID_VM_STATE (0x80bb0002) aIID={e36a5081-a82a-40bd-9e4e-42a44d6ce50f} aComponent={MachineWrap} aText={The machine is not mutable, saved or running (state is Running)}, preserve=false aResultDetail=0
00:23:43.858741          ERROR [COM]: aRC=VBOX_E_INVALID_VM_STATE (0x80bb0002) aIID={e36a5081-a82a-40bd-9e4e-42a44d6ce50f} aComponent={MachineWrap} aText={The machine is not mutable, saved or running (state is Running)}, preserve=false aResultDetail=0
00:28:14.746256          Saving settings file "C:\Users\RAJAN\.VirtualBox\VirtualBox.xml" with version "1.12-windows"
00:28:14.755059          Finished saving settings file "C:\Users\RAJAN\.VirtualBox\VirtualBox.xml"
00:28:18.470673 USBPROXY usbLibGetDevices: Starting USB device enumeration
00:28:18.647759 USBPROXY Getting USB descriptor (id 0) failed (dwErr=31) on hub USB#ROOT_HUB30#5&31c52a58&0&0#{f18a0e88-c30c-11d0-8815-00a0c906bed8} port 1
00:28:18.649564 USBPROXY usbLibGetDevices: Found 2 USB devices, 0 captured
00:28:27.275973 dns-monitor HostDnsMonitor: updating information
00:28:27.276060 dns-monitor HostDnsMonitor: unchanged
00:28:31.118045 USBPROXY usbLibGetDevices: Starting USB device enumeration
00:28:31.297498 USBPROXY Getting USB descriptor (id 0) failed (dwErr=31) on hub USB#ROOT_HUB30#5&31c52a58&0&0#{f18a0e88-c30c-11d0-8815-00a0c906bed8} port 1
00:28:31.297692 USBPROXY usbLibGetDevices: Found 2 USB devices, 0 captured
00:28:41.296005 USBPROXY usbLibGetDevices: Starting USB device enumeration
00:28:41.470080 USBPROXY Getting USB descriptor (id 0) failed (dwErr=31) on hub USB#ROOT_HUB30#5&31c52a58&0&0#{f18a0e88-c30c-11d0-8815-00a0c906bed8} port 1
00:28:41.470265 USBPROXY usbLibGetDevices: Found 2 USB devices, 0 captured
00:28:44.004071 USBPROXY usbLibGetDevices: Starting USB device enumeration
00:28:44.218937 USBPROXY Getting USB descriptor (id 0) failed (dwErr=31) on hub USB#ROOT_HUB30#5&31c52a58&0&0#{f18a0e88-c30c-11d0-8815-00a0c906bed8} port 1
00:28:44.220886 USBPROXY usbLibGetDevices: Found 2 USB devices, 0 captured
00:28:46.326647 USBPROXY usbLibGetDevices: Starting USB device enumeration
00:28:46.448113 USBPROXY Getting USB descriptor (id 0) failed (dwErr=31) on hub USB#ROOT_HUB30#5&31c52a58&0&0#{f18a0e88-c30c-11d0-8815-00a0c906bed8} port 1
00:28:46.448332 USBPROXY usbLibGetDevices: Found 2 USB devices, 0 captured
00:28:54.187781 USBPROXY usbLibGetDevices: Starting USB device enumeration
00:28:54.361822 USBPROXY Getting USB descriptor (id 0) failed (dwErr=31) on hub USB#ROOT_HUB30#5&31c52a58&0&0#{f18a0e88-c30c-11d0-8815-00a0c906bed8} port 1
00:28:54.361990 USBPROXY usbLibGetDevices: Found 2 USB devices, 0 captured
00:34:26.200203          Saving settings file "C:\Users\RAJAN\.VirtualBox\VirtualBox.xml" with version "1.12-windows"
00:34:26.204334          Finished saving settings file "C:\Users\RAJAN\.VirtualBox\VirtualBox.xml"
00:34:29.664464          Saving settings file "C:\Users\RAJAN\.VirtualBox\VirtualBox.xml" with version "1.12-windows"
00:34:29.667412          Finished saving settings file "C:\Users\RAJAN\.VirtualBox\VirtualBox.xml"
00:34:29.872814          ERROR [COM]: aRC=VBOX_E_IPRT_ERROR (0x80bb0005) aIID={e36a5081-a82a-40bd-9e4e-42a44d6ce50f} aComponent={MachineWrap} aText={Could not open log file 'C:\Users\RAJAN\VirtualBox VMs\ubuntu\Logs\VBox.log.2' (VERR_FILE_NOT_FOUND)}, preserve=false aResultDetail=-102
00:34:29.877543          ERROR [COM]: aRC=VBOX_E_IPRT_ERROR (0x80bb0005) aIID={e36a5081-a82a-40bd-9e4e-42a44d6ce50f} aComponent={MachineWrap} aText={Could not open log file 'C:\Users\RAJAN\VirtualBox VMs\ubuntu\Logs\VBox.log.3' (VERR_FILE_NOT_FOUND)}, preserve=false aResultDetail=-102
00:34:32.528830          Saving settings file "C:\Users\RAJAN\.VirtualBox\VirtualBox.xml" with version "1.12-windows"
00:34:32.532449          Finished saving settings file "C:\Users\RAJAN\.VirtualBox\VirtualBox.xml"
00:34:32.535014          Saving settings file "C:\Users\RAJAN\.VirtualBox\VirtualBox.xml" with version "1.12-windows"
00:34:32.539779          Finished saving settings file "C:\Users\RAJAN\.VirtualBox\VirtualBox.xml"
00:34:32.540864          Saving settings file "C:\Users\RAJAN\.VirtualBox\VirtualBox.xml" with version "1.12-windows"
00:34:32.546653          Finished saving settings file "C:\Users\RAJAN\.VirtualBox\VirtualBox.xml"
00:34:35.965001          Saving settings file "C:\Users\RAJAN\.VirtualBox\VirtualBox.xml" with version "1.12-windows"
00:34:35.968261          Finished saving settings file "C:\Users\RAJAN\.VirtualBox\VirtualBox.xml"
00:35:20.159600          Saving settings file "C:\Users\RAJAN\.VirtualBox\VirtualBox.xml" with version "1.12-windows"
00:35:20.162418          Finished saving settings file "C:\Users\RAJAN\.VirtualBox\VirtualBox.xml"
00:35:20.183224          ERROR [COM]: aRC=VBOX_E_OBJECT_NOT_FOUND (0x80bb0001) aIID={5bfd8965-b81b-469f-8649-f717ce97a5d5} aComponent={NvramStoreWrap} aText={The UEFI NVRAM file is not existing for this machine}, preserve=false aResultDetail=0
00:35:20.184436          ERROR [COM]: aRC=VBOX_E_OBJECT_NOT_FOUND (0x80bb0001) aIID={5bfd8965-b81b-469f-8649-f717ce97a5d5} aComponent={NvramStoreWrap} aText={The UEFI NVRAM file is not existing for this machine}, preserve=false aResultDetail=0
00:35:20.190596          ERROR [COM]: aRC=VBOX_E_OBJECT_NOT_FOUND (0x80bb0001) aIID={5bfd8965-b81b-469f-8649-f717ce97a5d5} aComponent={NvramStoreWrap} aText={The UEFI NVRAM file is not existing for this machine}, preserve=false aResultDetail=0
00:35:20.197882          ERROR [COM]: aRC=VBOX_E_INVALID_VM_STATE (0x80bb0002) aIID={e36a5081-a82a-40bd-9e4e-42a44d6ce50f} aComponent={MachineWrap} aText={The machine is not mutable, saved or running (state is Running)}, preserve=false aResultDetail=0
00:35:20.198327          ERROR [COM]: aRC=VBOX_E_INVALID_VM_STATE (0x80bb0002) aIID={e36a5081-a82a-40bd-9e4e-42a44d6ce50f} aComponent={MachineWrap} aText={The machine is not mutable, saved or running (state is Running)}, preserve=false aResultDetail=0
00:35:20.198754          ERROR [COM]: aRC=VBOX_E_INVALID_VM_STATE (0x80bb0002) aIID={e36a5081-a82a-40bd-9e4e-42a44d6ce50f} aComponent={MachineWrap} aText={The machine is not mutable, saved or running (state is Running)}, preserve=false aResultDetail=0
00:36:58.976651          ERROR [COM]: aRC=VBOX_E_OBJECT_NOT_FOUND (0x80bb0001) aIID={5bfd8965-b81b-469f-8649-f717ce97a5d5} aComponent={NvramStoreWrap} aText={The UEFI NVRAM file is not existing for this machine}, preserve=false aResultDetail=0
00:36:58.977553          ERROR [COM]: aRC=VBOX_E_OBJECT_NOT_FOUND (0x80bb0001) aIID={5bfd8965-b81b-469f-8649-f717ce97a5d5} aComponent={NvramStoreWrap} aText={The UEFI NVRAM file is not existing for this machine}, preserve=false aResultDetail=0
00:36:58.995981          ERROR [COM]: aRC=VBOX_E_INVALID_VM_STATE (0x80bb0002) aIID={e36a5081-a82a-40bd-9e4e-42a44d6ce50f} aComponent={MachineWrap} aText={The machine is not mutable, saved or running (state is Paused)}, preserve=false aResultDetail=0
00:36:58.996050          ERROR [COM]: aRC=VBOX_E_INVALID_VM_STATE (0x80bb0002) aIID={e36a5081-a82a-40bd-9e4e-42a44d6ce50f} aComponent={MachineWrap} aText={The machine is not mutable, saved or running (state is Paused)}, preserve=false aResultDetail=0
00:36:59.010813          ERROR [COM]: aRC=VBOX_E_OBJECT_NOT_FOUND (0x80bb0001) aIID={5bfd8965-b81b-469f-8649-f717ce97a5d5} aComponent={NvramStoreWrap} aText={The UEFI NVRAM file is not existing for this machine}, preserve=false aResultDetail=0
00:36:59.019070          ERROR [COM]: aRC=VBOX_E_INVALID_VM_STATE (0x80bb0002) aIID={e36a5081-a82a-40bd-9e4e-42a44d6ce50f} aComponent={MachineWrap} aText={The machine is not mutable, saved or running (state is Paused)}, preserve=false aResultDetail=0
00:36:59.031294          ERROR [COM]: aRC=E_FAIL (0x80004005) aIID={bea3ef5c-de2f-4b74-aa3a-15d6249371a0} aComponent={RecordingSettingsWrap} aText={Recording not started}, preserve=false aResultDetail=0
00:37:02.029836          ERROR [COM]: aRC=VBOX_E_OBJECT_NOT_FOUND (0x80bb0001) aIID={5bfd8965-b81b-469f-8649-f717ce97a5d5} aComponent={NvramStoreWrap} aText={The UEFI NVRAM file is not existing for this machine}, preserve=false aResultDetail=0
00:37:02.033847          ERROR [COM]: aRC=E_FAIL (0x80004005) aIID={bea3ef5c-de2f-4b74-aa3a-15d6249371a0} aComponent={RecordingSettingsWrap} aText={Recording not started}, preserve=false aResultDetail=0
00:37:02.035082          ERROR [COM]: aRC=VBOX_E_OBJECT_NOT_FOUND (0x80bb0001) aIID={5bfd8965-b81b-469f-8649-f717ce97a5d5} aComponent={NvramStoreWrap} aText={The UEFI NVRAM file is not existing for this machine}, preserve=false aResultDetail=0
00:37:02.059862          ERROR [COM]: aRC=VBOX_E_INVALID_VM_STATE (0x80bb0002) aIID={e36a5081-a82a-40bd-9e4e-42a44d6ce50f} aComponent={MachineWrap} aText={The machine is not mutable, saved or running (state is Saving)}, preserve=false aResultDetail=0
00:37:02.065884          ERROR [COM]: aRC=VBOX_E_INVALID_VM_STATE (0x80bb0002) aIID={e36a5081-a82a-40bd-9e4e-42a44d6ce50f} aComponent={MachineWrap} aText={The machine is not mutable, saved or running (state is Saving)}, preserve=false aResultDetail=0
00:37:02.069746          ERROR [COM]: aRC=VBOX_E_OBJECT_NOT_FOUND (0x80bb0001) aIID={5bfd8965-b81b-469f-8649-f717ce97a5d5} aComponent={NvramStoreWrap} aText={The UEFI NVRAM file is not existing for this machine}, preserve=false aResultDetail=0
00:37:02.102185          ERROR [COM]: aRC=VBOX_E_INVALID_VM_STATE (0x80bb0002) aIID={e36a5081-a82a-40bd-9e4e-42a44d6ce50f} aComponent={MachineWrap} aText={The machine is not mutable, saved or running (state is Saving)}, preserve=false aResultDetail=0
00:37:05.617000          Saving settings file "C:\Users\RAJAN\VirtualBox VMs\ubuntu\ubuntu.vbox" with version "1.19-windows"
00:37:05.708443          Finished saving settings file "C:\Users\RAJAN\VirtualBox VMs\ubuntu\ubuntu.vbox"
00:37:05.733826          ERROR [COM]: aRC=VBOX_E_IPRT_ERROR (0x80bb0005) aIID={e36a5081-a82a-40bd-9e4e-42a44d6ce50f} aComponent={MachineWrap} aText={Saved screenshot thumbnail data is not available (VERR_NOT_SUPPORTED)}, preserve=false aResultDetail=-37
00:37:05.737579          ERROR [COM]: aRC=VBOX_E_IPRT_ERROR (0x80bb0005) aIID={e36a5081-a82a-40bd-9e4e-42a44d6ce50f} aComponent={MachineWrap} aText={Saved screenshot thumbnail data is not available (VERR_NOT_SUPPORTED)}, preserve=false aResultDetail=-37
00:37:05.753818          ERROR [COM]: aRC=E_FAIL (0x80004005) aIID={bea3ef5c-de2f-4b74-aa3a-15d6249371a0} aComponent={RecordingSettingsWrap} aText={Recording not started}, preserve=false aResultDetail=0
00:37:05.791834 SaveState Saving settings file "C:\Users\RAJAN\VirtualBox VMs\ubuntu\ubuntu.vbox" with version "1.19-windows"
00:37:05.829344 SaveState Finished saving settings file "C:\Users\RAJAN\VirtualBox VMs\ubuntu\ubuntu.vbox"
00:37:05.834712          ERROR [COM]: aRC=VBOX_E_OBJECT_NOT_FOUND (0x80bb0001) aIID={5bfd8965-b81b-469f-8649-f717ce97a5d5} aComponent={NvramStoreWrap} aText={The UEFI NVRAM file is not existing for this machine}, preserve=false aResultDetail=0
00:37:05.835218          ERROR [COM]: aRC=VBOX_E_OBJECT_NOT_FOUND (0x80bb0001) aIID={5bfd8965-b81b-469f-8649-f717ce97a5d5} aComponent={NvramStoreWrap} aText={The UEFI NVRAM file is not existing for this machine}, preserve=false aResultDetail=0
00:37:05.849977          ERROR [COM]: aRC=E_INVALIDARG (0x80070057) aIID={e36a5081-a82a-40bd-9e4e-42a44d6ce50f} aComponent={SessionMachine} aText={Properties with TRANSIENT or TRANSRESET flag cannot be set or modified if VM is not running}, preserve=false aResultDetail=0
00:37:05.855059          ERROR [COM]: aRC=VBOX_E_OBJECT_NOT_FOUND (0x80bb0001) aIID={5bfd8965-b81b-469f-8649-f717ce97a5d5} aComponent={NvramStoreWrap} aText={The UEFI NVRAM file is not existing for this machine}, preserve=false aResultDetail=0
00:37:05.855821          ERROR [COM]: aRC=VBOX_E_OBJECT_NOT_FOUND (0x80bb0001) aIID={5bfd8965-b81b-469f-8649-f717ce97a5d5} aComponent={NvramStoreWrap} aText={The UEFI NVRAM file is not existing for this machine}, preserve=false aResultDetail=0
00:37:05.867256          ERROR [COM]: aRC=VBOX_E_OBJECT_NOT_FOUND (0x80bb0001) aIID={5bfd8965-b81b-469f-8649-f717ce97a5d5} aComponent={NvramStoreWrap} aText={The UEFI NVRAM file is not existing for this machine}, preserve=false aResultDetail=0
00:37:05.969584          ERROR [COM]: aRC=VBOX_E_OBJECT_NOT_FOUND (0x80bb0001) aIID={5bfd8965-b81b-469f-8649-f717ce97a5d5} aComponent={NvramStoreWrap} aText={The UEFI NVRAM file is not existing for this machine}, preserve=false aResultDetail=0
00:37:05.969954          ERROR [COM]: aRC=VBOX_E_INVALID_VM_STATE (0x80bb0002) aIID={e36a5081-a82a-40bd-9e4e-42a44d6ce50f} aComponent={MachineWrap} aText={The machine is not mutable, saved or running (state is Saved)}, preserve=false aResultDetail=0
00:37:05.970063          ERROR [COM]: aRC=VBOX_E_INVALID_VM_STATE (0x80bb0002) aIID={e36a5081-a82a-40bd-9e4e-42a44d6ce50f} aComponent={MachineWrap} aText={The machine is not mutable, saved or running (state is Saved)}, preserve=false aResultDetail=0
00:37:06.000393          ERROR [COM]: aRC=VBOX_E_INVALID_VM_STATE (0x80bb0002) aIID={e36a5081-a82a-40bd-9e4e-42a44d6ce50f} aComponent={MachineWrap} aText={The machine is not mutable, saved or running (state is Saved)}, preserve=false aResultDetail=0
00:37:07.130354          ERROR [COM]: aRC=VBOX_E_OBJECT_NOT_FOUND (0x80bb0001) aIID={5bfd8965-b81b-469f-8649-f717ce97a5d5} aComponent={NvramStoreWrap} aText={The UEFI NVRAM file is not existing for this machine}, preserve=false aResultDetail=0
00:37:07.130755          ERROR [COM]: aRC=VBOX_E_OBJECT_NOT_FOUND (0x80bb0001) aIID={5bfd8965-b81b-469f-8649-f717ce97a5d5} aComponent={NvramStoreWrap} aText={The UEFI NVRAM file is not existing for this machine}, preserve=false aResultDetail=0
00:37:07.135539          ERROR [COM]: aRC=VBOX_E_OBJECT_NOT_FOUND (0x80bb0001) aIID={5bfd8965-b81b-469f-8649-f717ce97a5d5} aComponent={NvramStoreWrap} aText={The UEFI NVRAM file is not existing for this machine}, preserve=false aResultDetail=0
00:37:07.141040          ERROR [COM]: aRC=VBOX_E_INVALID_VM_STATE (0x80bb0002) aIID={e36a5081-a82a-40bd-9e4e-42a44d6ce50f} aComponent={MachineWrap} aText={The machine is not mutable, saved or running (state is Saved)}, preserve=false aResultDetail=0
00:37:07.141898          ERROR [COM]: aRC=VBOX_E_INVALID_VM_STATE (0x80bb0002) aIID={e36a5081-a82a-40bd-9e4e-42a44d6ce50f} aComponent={MachineWrap} aText={The machine is not mutable, saved or running (state is Saved)}, preserve=false aResultDetail=0
00:37:07.142583          ERROR [COM]: aRC=VBOX_E_INVALID_VM_STATE (0x80bb0002) aIID={e36a5081-a82a-40bd-9e4e-42a44d6ce50f} aComponent={MachineWrap} aText={The machine is not mutable, saved or running (state is Saved)}, preserve=false aResultDetail=0
00:37:29.765195          Saving settings file "C:\Users\RAJAN\.VirtualBox\VirtualBox.xml" with version "1.12-windows"
00:37:29.772711          Finished saving settings file "C:\Users\RAJAN\.VirtualBox\VirtualBox.xml"
00:37:29.773237          Saving settings file "C:\Users\RAJAN\.VirtualBox\VirtualBox.xml" with version "1.12-windows"
00:37:29.776596          Finished saving settings file "C:\Users\RAJAN\.VirtualBox\VirtualBox.xml"
00:37:29.776867          Saving settings file "C:\Users\RAJAN\.VirtualBox\VirtualBox.xml" with version "1.12-windows"
00:37:29.779488          Finished saving settings file "C:\Users\RAJAN\.VirtualBox\VirtualBox.xml"
00:37:30.776901          ERROR [COM]: aRC=VBOX_E_OBJECT_NOT_FOUND (0x80bb0001) aIID={5bfd8965-b81b-469f-8649-f717ce97a5d5} aComponent={NvramStoreWrap} aText={The UEFI NVRAM file is not existing for this machine}, preserve=false aResultDetail=0
00:37:30.904585          ERROR [COM]: aRC=VBOX_E_INVALID_VM_STATE (0x80bb0002) aIID={e36a5081-a82a-40bd-9e4e-42a44d6ce50f} aComponent={MachineWrap} aText={The machine is not mutable, saved or running (state is Saved)}, preserve=false aResultDetail=0
00:37:34.821673          Launched VM: 4110560832 pid: 17088 (0x42c0) frontend: GUI/Qt name: ubuntu
00:37:34.836512          ERROR [COM]: aRC=VBOX_E_OBJECT_NOT_FOUND (0x80bb0001) aIID={5bfd8965-b81b-469f-8649-f717ce97a5d5} aComponent={NvramStoreWrap} aText={The UEFI NVRAM file is not existing for this machine}, preserve=false aResultDetail=0
00:37:34.838465          ERROR [COM]: aRC=VBOX_E_OBJECT_NOT_FOUND (0x80bb0001) aIID={5bfd8965-b81b-469f-8649-f717ce97a5d5} aComponent={NvramStoreWrap} aText={The UEFI NVRAM file is not existing for this machine}, preserve=false aResultDetail=0
00:37:34.845098          ERROR [COM]: aRC=VBOX_E_INVALID_VM_STATE (0x80bb0002) aIID={e36a5081-a82a-40bd-9e4e-42a44d6ce50f} aComponent={MachineWrap} aText={The machine is not mutable, saved or running (state is Saved)}, preserve=false aResultDetail=0
00:37:34.845680          ERROR [COM]: aRC=VBOX_E_OBJECT_NOT_FOUND (0x80bb0001) aIID={5bfd8965-b81b-469f-8649-f717ce97a5d5} aComponent={NvramStoreWrap} aText={The UEFI NVRAM file is not existing for this machine}, preserve=false aResultDetail=0
00:37:34.849612          ERROR [COM]: aRC=VBOX_E_INVALID_VM_STATE (0x80bb0002) aIID={e36a5081-a82a-40bd-9e4e-42a44d6ce50f} aComponent={MachineWrap} aText={The machine is not mutable, saved or running (state is Saved)}, preserve=false aResultDetail=0
00:37:34.850648          ERROR [COM]: aRC=VBOX_E_INVALID_VM_STATE (0x80bb0002) aIID={e36a5081-a82a-40bd-9e4e-42a44d6ce50f} aComponent={MachineWrap} aText={The machine is not mutable, saved or running (state is Saved)}, preserve=false aResultDetail=0
00:37:40.269471          Platform architecture set to 'x86'
00:37:40.375545          ERROR [COM]: aRC=VBOX_E_OBJECT_NOT_FOUND (0x80bb0001) aIID={5bfd8965-b81b-469f-8649-f717ce97a5d5} aComponent={NvramStoreWrap} aText={The UEFI NVRAM file is not existing for this machine}, preserve=false aResultDetail=0
00:37:40.379276          ERROR [COM]: aRC=VBOX_E_OBJECT_NOT_FOUND (0x80bb0001) aIID={5bfd8965-b81b-469f-8649-f717ce97a5d5} aComponent={NvramStoreWrap} aText={The UEFI NVRAM file is not existing for this machine}, preserve=false aResultDetail=0
00:37:40.380347          ERROR [COM]: aRC=VBOX_E_OBJECT_NOT_FOUND (0x80bb0001) aIID={5bfd8965-b81b-469f-8649-f717ce97a5d5} aComponent={NvramStoreWrap} aText={The UEFI NVRAM file is not existing for this machine}, preserve=false aResultDetail=0
00:37:40.385283          ERROR [COM]: aRC=VBOX_E_INVALID_VM_STATE (0x80bb0002) aIID={e36a5081-a82a-40bd-9e4e-42a44d6ce50f} aComponent={MachineWrap} aText={The machine is not mutable, saved or running (state is Saved)}, preserve=false aResultDetail=0
00:37:40.385842          ERROR [COM]: aRC=VBOX_E_INVALID_VM_STATE (0x80bb0002) aIID={e36a5081-a82a-40bd-9e4e-42a44d6ce50f} aComponent={MachineWrap} aText={The machine is not mutable, saved or running (state is Saved)}, preserve=false aResultDetail=0
00:37:40.392745          ERROR [COM]: aRC=VBOX_E_INVALID_VM_STATE (0x80bb0002) aIID={e36a5081-a82a-40bd-9e4e-42a44d6ce50f} aComponent={MachineWrap} aText={The machine is not mutable, saved or running (state is Saved)}, preserve=false aResultDetail=0
00:37:41.003600          ERROR [COM]: aRC=VBOX_E_OBJECT_NOT_FOUND (0x80bb0001) aIID={70401eef-c8e9-466b-9660-45cb3e9979e4} aComponent={ExtPackManagerWrap} aText={No extension pack by the name 'Oracle VirtualBox Extension Pack' was found}, preserve=false aResultDetail=0
00:37:41.054551          ERROR [COM]: aRC=E_FAIL (0x80004005) aIID={bea3ef5c-de2f-4b74-aa3a-15d6249371a0} aComponent={RecordingSettingsWrap} aText={Recording not started}, preserve=false aResultDetail=0
00:37:41.999394          ERROR [COM]: aRC=VBOX_E_OBJECT_NOT_FOUND (0x80bb0001) aIID={5bfd8965-b81b-469f-8649-f717ce97a5d5} aComponent={NvramStoreWrap} aText={The UEFI NVRAM file is not existing for this machine}, preserve=false aResultDetail=0
00:37:41.999615          ERROR [COM]: aRC=E_FAIL (0x80004005) aIID={bea3ef5c-de2f-4b74-aa3a-15d6249371a0} aComponent={RecordingSettingsWrap} aText={Recording not started}, preserve=false aResultDetail=0
00:37:42.008176          ERROR [COM]: aRC=VBOX_E_OBJECT_NOT_FOUND (0x80bb0001) aIID={5bfd8965-b81b-469f-8649-f717ce97a5d5} aComponent={NvramStoreWrap} aText={The UEFI NVRAM file is not existing for this machine}, preserve=false aResultDetail=0
00:37:42.013333          ERROR [COM]: aRC=VBOX_E_OBJECT_NOT_FOUND (0x80bb0001) aIID={5bfd8965-b81b-469f-8649-f717ce97a5d5} aComponent={NvramStoreWrap} aText={The UEFI NVRAM file is not existing for this machine}, preserve=false aResultDetail=0
00:37:42.032116          ERROR [COM]: aRC=VBOX_E_INVALID_VM_STATE (0x80bb0002) aIID={e36a5081-a82a-40bd-9e4e-42a44d6ce50f} aComponent={MachineWrap} aText={The machine is not mutable, saved or running (state is Restoring)}, preserve=false aResultDetail=0
00:37:42.045588          ERROR [COM]: aRC=VBOX_E_INVALID_VM_STATE (0x80bb0002) aIID={e36a5081-a82a-40bd-9e4e-42a44d6ce50f} aComponent={SessionMachine} aText={The machine is not mutable or saved (state is Restoring)}, preserve=false aResultDetail=0
00:37:42.046862          ERROR [COM]: aRC=VBOX_E_INVALID_VM_STATE (0x80bb0002) aIID={e36a5081-a82a-40bd-9e4e-42a44d6ce50f} aComponent={MachineWrap} aText={The machine is not mutable, saved or running (state is Restoring)}, preserve=false aResultDetail=0
00:37:42.052881          ERROR [COM]: aRC=VBOX_E_INVALID_VM_STATE (0x80bb0002) aIID={e36a5081-a82a-40bd-9e4e-42a44d6ce50f} aComponent={MachineWrap} aText={The machine is not mutable, saved or running (state is Restoring)}, preserve=false aResultDetail=0
00:37:42.125974          ERROR [COM]: aRC=VBOX_E_INVALID_VM_STATE (0x80bb0002) aIID={e36a5081-a82a-40bd-9e4e-42a44d6ce50f} aComponent={SessionMachine} aText={The machine is not mutable or saved (state is Restoring)}, preserve=false aResultDetail=0
00:37:43.063784          ERROR [COM]: aRC=VBOX_E_OBJECT_NOT_FOUND (0x80bb0001) aIID={7d510820-a678-4730-a862-818dcd3fbed0} aComponent={MediumWrap} aText={Property 'CRYPT/KeyId' does not exist}, preserve=false aResultDetail=0
00:37:43.065076          HostDnsMonitorProxy::GetDomainName: no domain set
00:37:43.065543          HostDnsMonitorProxy::GetNameServers:
00:37:43.065567            name server 1: 192.168.159.192
00:37:43.065679          HostDnsMonitorProxy::GetSearchStrings:
00:37:43.065685            no search string entries
00:37:46.792191          Saving settings file "C:\Users\RAJAN\VirtualBox VMs\ubuntu\ubuntu.vbox" with version "1.19-windows"
00:37:46.843179          Finished saving settings file "C:\Users\RAJAN\VirtualBox VMs\ubuntu\ubuntu.vbox"
00:37:46.951998          ERROR [COM]: aRC=E_FAIL (0x80004005) aIID={bea3ef5c-de2f-4b74-aa3a-15d6249371a0} aComponent={RecordingSettingsWrap} aText={Recording not started}, preserve=false aResultDetail=0
00:37:46.954478          ERROR [COM]: aRC=VBOX_E_OBJECT_NOT_FOUND (0x80bb0001) aIID={5bfd8965-b81b-469f-8649-f717ce97a5d5} aComponent={NvramStoreWrap} aText={The UEFI NVRAM file is not existing for this machine}, preserve=false aResultDetail=0
00:37:46.962963          ERROR [COM]: aRC=VBOX_E_OBJECT_NOT_FOUND (0x80bb0001) aIID={5bfd8965-b81b-469f-8649-f717ce97a5d5} aComponent={NvramStoreWrap} aText={The UEFI NVRAM file is not existing for this machine}, preserve=false aResultDetail=0
00:37:46.963169          ERROR [COM]: aRC=VBOX_E_OBJECT_NOT_FOUND (0x80bb0001) aIID={5bfd8965-b81b-469f-8649-f717ce97a5d5} aComponent={NvramStoreWrap} aText={The UEFI NVRAM file is not existing for this machine}, preserve=false aResultDetail=0
00:37:46.983876          ERROR [COM]: aRC=VBOX_E_INVALID_VM_STATE (0x80bb0002) aIID={e36a5081-a82a-40bd-9e4e-42a44d6ce50f} aComponent={MachineWrap} aText={The machine is not mutable, saved or running (state is Running)}, preserve=false aResultDetail=0
00:37:47.011921          ERROR [COM]: aRC=VBOX_E_INVALID_VM_STATE (0x80bb0002) aIID={e36a5081-a82a-40bd-9e4e-42a44d6ce50f} aComponent={MachineWrap} aText={The machine is not mutable, saved or running (state is Running)}, preserve=false aResultDetail=0
00:37:47.017724          ERROR [COM]: aRC=VBOX_E_INVALID_VM_STATE (0x80bb0002) aIID={e36a5081-a82a-40bd-9e4e-42a44d6ce50f} aComponent={MachineWrap} aText={The machine is not mutable, saved or running (state is Running)}, preserve=false aResultDetail=0
00:37:55.916741 USBPROXY usbLibGetDevices: Starting USB device enumeration
00:37:56.088422 USBPROXY Getting USB descriptor (id 0) failed (dwErr=31) on hub USB#ROOT_HUB30#5&31c52a58&0&0#{f18a0e88-c30c-11d0-8815-00a0c906bed8} port 1
00:37:56.088751 USBPROXY usbLibGetDevices: Found 2 USB devices, 0 captured
00:38:04.784724 USBPROXY usbLibGetDevices: Starting USB device enumeration
00:38:04.955302 USBPROXY Getting USB descriptor (id 0) failed (dwErr=31) on hub USB#ROOT_HUB30#5&31c52a58&0&0#{f18a0e88-c30c-11d0-8815-00a0c906bed8} port 1
00:38:04.956007 USBPROXY usbLibGetDevices: Found 2 USB devices, 0 captured
00:38:07.375921          ERROR [COM]: aRC=VBOX_E_OBJECT_NOT_FOUND (0x80bb0001) aIID={5bfd8965-b81b-469f-8649-f717ce97a5d5} aComponent={NvramStoreWrap} aText={The UEFI NVRAM file is not existing for this machine}, preserve=false aResultDetail=0
00:38:07.380532          ERROR [COM]: aRC=VBOX_E_OBJECT_NOT_FOUND (0x80bb0001) aIID={5bfd8965-b81b-469f-8649-f717ce97a5d5} aComponent={NvramStoreWrap} aText={The UEFI NVRAM file is not existing for this machine}, preserve=false aResultDetail=0
00:38:07.380680          ERROR [COM]: aRC=VBOX_E_OBJECT_NOT_FOUND (0x80bb0001) aIID={5bfd8965-b81b-469f-8649-f717ce97a5d5} aComponent={NvramStoreWrap} aText={The UEFI NVRAM file is not existing for this machine}, preserve=false aResultDetail=0
00:38:07.383950          ERROR [COM]: aRC=VBOX_E_INVALID_VM_STATE (0x80bb0002) aIID={e36a5081-a82a-40bd-9e4e-42a44d6ce50f} aComponent={MachineWrap} aText={The machine is not mutable, saved or running (state is Paused)}, preserve=false aResultDetail=0
00:38:07.396188          ERROR [COM]: aRC=VBOX_E_INVALID_VM_STATE (0x80bb0002) aIID={e36a5081-a82a-40bd-9e4e-42a44d6ce50f} aComponent={MachineWrap} aText={The machine is not mutable, saved or running (state is Paused)}, preserve=false aResultDetail=0
00:38:07.396797          ERROR [COM]: aRC=VBOX_E_INVALID_VM_STATE (0x80bb0002) aIID={e36a5081-a82a-40bd-9e4e-42a44d6ce50f} aComponent={MachineWrap} aText={The machine is not mutable, saved or running (state is Paused)}, preserve=false aResultDetail=0
00:38:07.514018          ERROR [COM]: aRC=E_FAIL (0x80004005) aIID={bea3ef5c-de2f-4b74-aa3a-15d6249371a0} aComponent={RecordingSettingsWrap} aText={Recording not started}, preserve=false aResultDetail=0
00:38:10.292365          ERROR [COM]: aRC=E_FAIL (0x80004005) aIID={bea3ef5c-de2f-4b74-aa3a-15d6249371a0} aComponent={RecordingSettingsWrap} aText={Recording not started}, preserve=false aResultDetail=0
00:38:10.295759          ERROR [COM]: aRC=VBOX_E_OBJECT_NOT_FOUND (0x80bb0001) aIID={5bfd8965-b81b-469f-8649-f717ce97a5d5} aComponent={NvramStoreWrap} aText={The UEFI NVRAM file is not existing for this machine}, preserve=false aResultDetail=0
00:38:10.300893          ERROR [COM]: aRC=VBOX_E_OBJECT_NOT_FOUND (0x80bb0001) aIID={5bfd8965-b81b-469f-8649-f717ce97a5d5} aComponent={NvramStoreWrap} aText={The UEFI NVRAM file is not existing for this machine}, preserve=false aResultDetail=0
00:38:10.305103          ERROR [COM]: aRC=VBOX_E_OBJECT_NOT_FOUND (0x80bb0001) aIID={5bfd8965-b81b-469f-8649-f717ce97a5d5} aComponent={NvramStoreWrap} aText={The UEFI NVRAM file is not existing for this machine}, preserve=false aResultDetail=0
00:38:10.327140          ERROR [COM]: aRC=VBOX_E_INVALID_VM_STATE (0x80bb0002) aIID={e36a5081-a82a-40bd-9e4e-42a44d6ce50f} aComponent={MachineWrap} aText={The machine is not mutable, saved or running (state is Saving)}, preserve=false aResultDetail=0
00:38:10.336087          ERROR [COM]: aRC=VBOX_E_INVALID_VM_STATE (0x80bb0002) aIID={e36a5081-a82a-40bd-9e4e-42a44d6ce50f} aComponent={MachineWrap} aText={The machine is not mutable, saved or running (state is Saving)}, preserve=false aResultDetail=0
00:38:10.350840          ERROR [COM]: aRC=VBOX_E_INVALID_VM_STATE (0x80bb0002) aIID={e36a5081-a82a-40bd-9e4e-42a44d6ce50f} aComponent={MachineWrap} aText={The machine is not mutable, saved or running (state is Saving)}, preserve=false aResultDetail=0
00:38:12.203102          Saving settings file "C:\Users\RAJAN\VirtualBox VMs\ubuntu\ubuntu.vbox" with version "1.19-windows"
00:38:12.209104          Finished saving settings file "C:\Users\RAJAN\VirtualBox VMs\ubuntu\ubuntu.vbox"
00:38:12.235490          ERROR [COM]: aRC=VBOX_E_IPRT_ERROR (0x80bb0005) aIID={e36a5081-a82a-40bd-9e4e-42a44d6ce50f} aComponent={MachineWrap} aText={Saved screenshot thumbnail data is not available (VERR_NOT_SUPPORTED)}, preserve=false aResultDetail=-37
00:38:12.238803          ERROR [COM]: aRC=VBOX_E_IPRT_ERROR (0x80bb0005) aIID={e36a5081-a82a-40bd-9e4e-42a44d6ce50f} aComponent={MachineWrap} aText={Saved screenshot thumbnail data is not available (VERR_NOT_SUPPORTED)}, preserve=false aResultDetail=-37
00:38:12.265335          ERROR [COM]: aRC=E_FAIL (0x80004005) aIID={bea3ef5c-de2f-4b74-aa3a-15d6249371a0} aComponent={RecordingSettingsWrap} aText={Recording not started}, preserve=false aResultDetail=0
00:38:12.305778 SaveState Saving settings file "C:\Users\RAJAN\VirtualBox VMs\ubuntu\ubuntu.vbox" with version "1.19-windows"
00:38:12.312404 SaveState Finished saving settings file "C:\Users\RAJAN\VirtualBox VMs\ubuntu\ubuntu.vbox"
00:38:12.326812          ERROR [COM]: aRC=VBOX_E_OBJECT_NOT_FOUND (0x80bb0001) aIID={5bfd8965-b81b-469f-8649-f717ce97a5d5} aComponent={NvramStoreWrap} aText={The UEFI NVRAM file is not existing for this machine}, preserve=false aResultDetail=0
00:38:12.327389          ERROR [COM]: aRC=VBOX_E_OBJECT_NOT_FOUND (0x80bb0001) aIID={5bfd8965-b81b-469f-8649-f717ce97a5d5} aComponent={NvramStoreWrap} aText={The UEFI NVRAM file is not existing for this machine}, preserve=false aResultDetail=0
00:38:12.330433          ERROR [COM]: aRC=E_INVALIDARG (0x80070057) aIID={e36a5081-a82a-40bd-9e4e-42a44d6ce50f} aComponent={SessionMachine} aText={Properties with TRANSIENT or TRANSRESET flag cannot be set or modified if VM is not running}, preserve=false aResultDetail=0
00:38:12.362450          ERROR [COM]: aRC=VBOX_E_OBJECT_NOT_FOUND (0x80bb0001) aIID={5bfd8965-b81b-469f-8649-f717ce97a5d5} aComponent={NvramStoreWrap} aText={The UEFI NVRAM file is not existing for this machine}, preserve=false aResultDetail=0
00:38:12.372763          ERROR [COM]: aRC=VBOX_E_OBJECT_NOT_FOUND (0x80bb0001) aIID={5bfd8965-b81b-469f-8649-f717ce97a5d5} aComponent={NvramStoreWrap} aText={The UEFI NVRAM file is not existing for this machine}, preserve=false aResultDetail=0
00:38:12.419703          ERROR [COM]: aRC=VBOX_E_OBJECT_NOT_FOUND (0x80bb0001) aIID={5bfd8965-b81b-469f-8649-f717ce97a5d5} aComponent={NvramStoreWrap} aText={The UEFI NVRAM file is not existing for this machine}, preserve=false aResultDetail=0
00:38:12.459259          ERROR [COM]: aRC=VBOX_E_OBJECT_NOT_FOUND (0x80bb0001) aIID={5bfd8965-b81b-469f-8649-f717ce97a5d5} aComponent={NvramStoreWrap} aText={The UEFI NVRAM file is not existing for this machine}, preserve=false aResultDetail=0
00:38:12.470089          ERROR [COM]: aRC=VBOX_E_INVALID_VM_STATE (0x80bb0002) aIID={e36a5081-a82a-40bd-9e4e-42a44d6ce50f} aComponent={MachineWrap} aText={The machine is not mutable, saved or running (state is Saved)}, preserve=false aResultDetail=0
00:38:12.489942          ERROR [COM]: aRC=VBOX_E_INVALID_VM_STATE (0x80bb0002) aIID={e36a5081-a82a-40bd-9e4e-42a44d6ce50f} aComponent={MachineWrap} aText={The machine is not mutable, saved or running (state is Saved)}, preserve=false aResultDetail=0
00:38:12.505654          ERROR [COM]: aRC=VBOX_E_INVALID_VM_STATE (0x80bb0002) aIID={e36a5081-a82a-40bd-9e4e-42a44d6ce50f} aComponent={MachineWrap} aText={The machine is not mutable, saved or running (state is Saved)}, preserve=false aResultDetail=0
00:38:13.736286          ERROR [COM]: aRC=VBOX_E_OBJECT_NOT_FOUND (0x80bb0001) aIID={5bfd8965-b81b-469f-8649-f717ce97a5d5} aComponent={NvramStoreWrap} aText={The UEFI NVRAM file is not existing for this machine}, preserve=false aResultDetail=0
00:38:13.736570          ERROR [COM]: aRC=VBOX_E_OBJECT_NOT_FOUND (0x80bb0001) aIID={5bfd8965-b81b-469f-8649-f717ce97a5d5} aComponent={NvramStoreWrap} aText={The UEFI NVRAM file is not existing for this machine}, preserve=false aResultDetail=0
00:38:13.738295          ERROR [COM]: aRC=VBOX_E_OBJECT_NOT_FOUND (0x80bb0001) aIID={5bfd8965-b81b-469f-8649-f717ce97a5d5} aComponent={NvramStoreWrap} aText={The UEFI NVRAM file is not existing for this machine}, preserve=false aResultDetail=0
00:38:13.749837          ERROR [COM]: aRC=VBOX_E_INVALID_VM_STATE (0x80bb0002) aIID={e36a5081-a82a-40bd-9e4e-42a44d6ce50f} aComponent={MachineWrap} aText={The machine is not mutable, saved or running (state is Saved)}, preserve=false aResultDetail=0
00:38:13.760538          ERROR [COM]: aRC=VBOX_E_INVALID_VM_STATE (0x80bb0002) aIID={e36a5081-a82a-40bd-9e4e-42a44d6ce50f} aComponent={MachineWrap} aText={The machine is not mutable, saved or running (state is Saved)}, preserve=false aResultDetail=0
00:38:13.769287          ERROR [COM]: aRC=VBOX_E_INVALID_VM_STATE (0x80bb0002) aIID={e36a5081-a82a-40bd-9e4e-42a44d6ce50f} aComponent={MachineWrap} aText={The machine is not mutable, saved or running (state is Saved)}, preserve=false aResultDetail=0
00:38:30.705566          Launched VM: 4110476464 pid: 20120 (0x4e98) frontend: GUI/Qt name: ubuntu
00:38:30.719802          ERROR [COM]: aRC=VBOX_E_OBJECT_NOT_FOUND (0x80bb0001) aIID={5bfd8965-b81b-469f-8649-f717ce97a5d5} aComponent={NvramStoreWrap} aText={The UEFI NVRAM file is not existing for this machine}, preserve=false aResultDetail=0
00:38:30.720011          ERROR [COM]: aRC=VBOX_E_OBJECT_NOT_FOUND (0x80bb0001) aIID={5bfd8965-b81b-469f-8649-f717ce97a5d5} aComponent={NvramStoreWrap} aText={The UEFI NVRAM file is not existing for this machine}, preserve=false aResultDetail=0
00:38:30.726903          ERROR [COM]: aRC=VBOX_E_OBJECT_NOT_FOUND (0x80bb0001) aIID={5bfd8965-b81b-469f-8649-f717ce97a5d5} aComponent={NvramStoreWrap} aText={The UEFI NVRAM file is not existing for this machine}, preserve=false aResultDetail=0
00:38:30.728710          ERROR [COM]: aRC=VBOX_E_INVALID_VM_STATE (0x80bb0002) aIID={e36a5081-a82a-40bd-9e4e-42a44d6ce50f} aComponent={MachineWrap} aText={The machine is not mutable, saved or running (state is Saved)}, preserve=false aResultDetail=0
00:38:30.730180          ERROR [COM]: aRC=VBOX_E_INVALID_VM_STATE (0x80bb0002) aIID={e36a5081-a82a-40bd-9e4e-42a44d6ce50f} aComponent={MachineWrap} aText={The machine is not mutable, saved or running (state is Saved)}, preserve=false aResultDetail=0
00:38:30.730608          ERROR [COM]: aRC=VBOX_E_INVALID_VM_STATE (0x80bb0002) aIID={e36a5081-a82a-40bd-9e4e-42a44d6ce50f} aComponent={MachineWrap} aText={The machine is not mutable, saved or running (state is Saved)}, preserve=false aResultDetail=0
00:38:35.444538 USBPROXY usbLibGetDevices: Starting USB device enumeration
00:38:35.661292 USBPROXY Getting USB descriptor (id 0) failed (dwErr=31) on hub USB#ROOT_HUB30#5&13f88fcb&0&0#{f18a0e88-c30c-11d0-8815-00a0c906bed8} port 2
00:38:36.038412 USBPROXY Getting USB descriptor (id 0) failed (dwErr=31) on hub USB#ROOT_HUB30#5&31c52a58&0&0#{f18a0e88-c30c-11d0-8815-00a0c906bed8} port 1
00:38:36.239731 USBPROXY usbLibGetDevices: Found 2 USB devices, 0 captured
00:38:36.286906 USBPROXY USB: Unknown USB device detected (idVendor: 0x0bda, idProduct: 0xc829)
00:38:38.865301 USBPROXY usbLibGetDevices: Starting USB device enumeration
00:38:38.946284 USBPROXY Getting USB descriptor (id 0) failed (dwErr=31) on hub USB#ROOT_HUB30#5&31c52a58&0&0#{f18a0e88-c30c-11d0-8815-00a0c906bed8} port 1
00:38:38.947036 USBPROXY usbLibGetDevices: Found 2 USB devices, 0 captured
00:38:39.969913          Platform architecture set to 'x86'
00:38:40.105423          ERROR [COM]: aRC=VBOX_E_OBJECT_NOT_FOUND (0x80bb0001) aIID={5bfd8965-b81b-469f-8649-f717ce97a5d5} aComponent={NvramStoreWrap} aText={The UEFI NVRAM file is not existing for this machine}, preserve=false aResultDetail=0
00:38:40.112025          ERROR [COM]: aRC=VBOX_E_OBJECT_NOT_FOUND (0x80bb0001) aIID={5bfd8965-b81b-469f-8649-f717ce97a5d5} aComponent={NvramStoreWrap} aText={The UEFI NVRAM file is not existing for this machine}, preserve=false aResultDetail=0
00:38:40.116027          ERROR [COM]: aRC=VBOX_E_OBJECT_NOT_FOUND (0x80bb0001) aIID={5bfd8965-b81b-469f-8649-f717ce97a5d5} aComponent={NvramStoreWrap} aText={The UEFI NVRAM file is not existing for this machine}, preserve=false aResultDetail=0
00:38:40.121852          ERROR [COM]: aRC=VBOX_E_INVALID_VM_STATE (0x80bb0002) aIID={e36a5081-a82a-40bd-9e4e-42a44d6ce50f} aComponent={MachineWrap} aText={The machine is not mutable, saved or running (state is Saved)}, preserve=false aResultDetail=0
00:38:40.133953          ERROR [COM]: aRC=VBOX_E_INVALID_VM_STATE (0x80bb0002) aIID={e36a5081-a82a-40bd-9e4e-42a44d6ce50f} aComponent={MachineWrap} aText={The machine is not mutable, saved or running (state is Saved)}, preserve=false aResultDetail=0
00:38:40.135679          ERROR [COM]: aRC=VBOX_E_INVALID_VM_STATE (0x80bb0002) aIID={e36a5081-a82a-40bd-9e4e-42a44d6ce50f} aComponent={MachineWrap} aText={The machine is not mutable, saved or running (state is Saved)}, preserve=false aResultDetail=0
00:38:41.003093          ERROR [COM]: aRC=VBOX_E_OBJECT_NOT_FOUND (0x80bb0001) aIID={70401eef-c8e9-466b-9660-45cb3e9979e4} aComponent={ExtPackManagerWrap} aText={No extension pack by the name 'Oracle VirtualBox Extension Pack' was found}, preserve=false aResultDetail=0
00:38:41.060431          ERROR [COM]: aRC=E_FAIL (0x80004005) aIID={bea3ef5c-de2f-4b74-aa3a-15d6249371a0} aComponent={RecordingSettingsWrap} aText={Recording not started}, preserve=false aResultDetail=0
00:38:41.988438          ERROR [COM]: aRC=E_FAIL (0x80004005) aIID={bea3ef5c-de2f-4b74-aa3a-15d6249371a0} aComponent={RecordingSettingsWrap} aText={Recording not started}, preserve=false aResultDetail=0
00:38:41.997751          ERROR [COM]: aRC=VBOX_E_OBJECT_NOT_FOUND (0x80bb0001) aIID={5bfd8965-b81b-469f-8649-f717ce97a5d5} aComponent={NvramStoreWrap} aText={The UEFI NVRAM file is not existing for this machine}, preserve=false aResultDetail=0
00:38:42.001174          ERROR [COM]: aRC=VBOX_E_OBJECT_NOT_FOUND (0x80bb0001) aIID={5bfd8965-b81b-469f-8649-f717ce97a5d5} aComponent={NvramStoreWrap} aText={The UEFI NVRAM file is not existing for this machine}, preserve=false aResultDetail=0
00:38:42.012755          ERROR [COM]: aRC=VBOX_E_OBJECT_NOT_FOUND (0x80bb0001) aIID={5bfd8965-b81b-469f-8649-f717ce97a5d5} aComponent={NvramStoreWrap} aText={The UEFI NVRAM file is not existing for this machine}, preserve=false aResultDetail=0
00:38:42.041487          ERROR [COM]: aRC=VBOX_E_INVALID_VM_STATE (0x80bb0002) aIID={e36a5081-a82a-40bd-9e4e-42a44d6ce50f} aComponent={MachineWrap} aText={The machine is not mutable, saved or running (state is Restoring)}, preserve=false aResultDetail=0
00:38:42.042281          ERROR [COM]: aRC=VBOX_E_INVALID_VM_STATE (0x80bb0002) aIID={e36a5081-a82a-40bd-9e4e-42a44d6ce50f} aComponent={SessionMachine} aText={The machine is not mutable or saved (state is Restoring)}, preserve=false aResultDetail=0
00:38:42.043732          ERROR [COM]: aRC=VBOX_E_INVALID_VM_STATE (0x80bb0002) aIID={e36a5081-a82a-40bd-9e4e-42a44d6ce50f} aComponent={MachineWrap} aText={The machine is not mutable, saved or running (state is Restoring)}, preserve=false aResultDetail=0
00:38:42.072330          ERROR [COM]: aRC=VBOX_E_INVALID_VM_STATE (0x80bb0002) aIID={e36a5081-a82a-40bd-9e4e-42a44d6ce50f} aComponent={MachineWrap} aText={The machine is not mutable, saved or running (state is Restoring)}, preserve=false aResultDetail=0
00:38:42.108952          ERROR [COM]: aRC=VBOX_E_INVALID_VM_STATE (0x80bb0002) aIID={e36a5081-a82a-40bd-9e4e-42a44d6ce50f} aComponent={SessionMachine} aText={The machine is not mutable or saved (state is Restoring)}, preserve=false aResultDetail=0
00:38:43.080994          ERROR [COM]: aRC=VBOX_E_OBJECT_NOT_FOUND (0x80bb0001) aIID={7d510820-a678-4730-a862-818dcd3fbed0} aComponent={MediumWrap} aText={Property 'CRYPT/KeyId' does not exist}, preserve=false aResultDetail=0
00:38:43.083619          HostDnsMonitorProxy::GetDomainName: no domain set
00:38:43.084095          HostDnsMonitorProxy::GetNameServers:
00:38:43.084123            name server 1: 192.168.159.192
00:38:43.084345          HostDnsMonitorProxy::GetSearchStrings:
00:38:43.084366            no search string entries
00:38:46.521198          Saving settings file "C:\Users\RAJAN\VirtualBox VMs\ubuntu\ubuntu.vbox" with version "1.19-windows"
00:38:46.526505          Finished saving settings file "C:\Users\RAJAN\VirtualBox VMs\ubuntu\ubuntu.vbox"
00:38:46.661450          ERROR [COM]: aRC=VBOX_E_OBJECT_NOT_FOUND (0x80bb0001) aIID={5bfd8965-b81b-469f-8649-f717ce97a5d5} aComponent={NvramStoreWrap} aText={The UEFI NVRAM file is not existing for this machine}, preserve=false aResultDetail=0
00:38:46.694226          ERROR [COM]: aRC=VBOX_E_OBJECT_NOT_FOUND (0x80bb0001) aIID={5bfd8965-b81b-469f-8649-f717ce97a5d5} aComponent={NvramStoreWrap} aText={The UEFI NVRAM file is not existing for this machine}, preserve=false aResultDetail=0
00:38:46.695040          ERROR [COM]: aRC=VBOX_E_OBJECT_NOT_FOUND (0x80bb0001) aIID={5bfd8965-b81b-469f-8649-f717ce97a5d5} aComponent={NvramStoreWrap} aText={The UEFI NVRAM file is not existing for this machine}, preserve=false aResultDetail=0
00:38:46.703519          ERROR [COM]: aRC=VBOX_E_INVALID_VM_STATE (0x80bb0002) aIID={e36a5081-a82a-40bd-9e4e-42a44d6ce50f} aComponent={MachineWrap} aText={The machine is not mutable, saved or running (state is Running)}, preserve=false aResultDetail=0
00:38:46.710372          ERROR [COM]: aRC=E_FAIL (0x80004005) aIID={bea3ef5c-de2f-4b74-aa3a-15d6249371a0} aComponent={RecordingSettingsWrap} aText={Recording not started}, preserve=false aResultDetail=0
00:38:46.739738          ERROR [COM]: aRC=VBOX_E_INVALID_VM_STATE (0x80bb0002) aIID={e36a5081-a82a-40bd-9e4e-42a44d6ce50f} aComponent={MachineWrap} aText={The machine is not mutable, saved or running (state is Running)}, preserve=false aResultDetail=0
00:38:46.739985          ERROR [COM]: aRC=VBOX_E_INVALID_VM_STATE (0x80bb0002) aIID={e36a5081-a82a-40bd-9e4e-42a44d6ce50f} aComponent={MachineWrap} aText={The machine is not mutable, saved or running (state is Running)}, preserve=false aResultDetail=0
00:38:53.186054 USBPROXY usbLibGetDevices: Starting USB device enumeration
00:38:53.358243 USBPROXY Getting USB descriptor (id 0) failed (dwErr=31) on hub USB#ROOT_HUB30#5&31c52a58&0&0#{f18a0e88-c30c-11d0-8815-00a0c906bed8} port 1
00:38:53.358472 USBPROXY usbLibGetDevices: Found 2 USB devices, 0 captured
00:40:17.099439          ERROR [COM]: aRC=VBOX_E_OBJECT_NOT_FOUND (0x80bb0001) aIID={5bfd8965-b81b-469f-8649-f717ce97a5d5} aComponent={NvramStoreWrap} aText={The UEFI NVRAM file is not existing for this machine}, preserve=false aResultDetail=0
00:40:17.113190          ERROR [COM]: aRC=VBOX_E_INVALID_VM_STATE (0x80bb0002) aIID={e36a5081-a82a-40bd-9e4e-42a44d6ce50f} aComponent={MachineWrap} aText={The machine is not mutable, saved or running (state is Paused)}, preserve=false aResultDetail=0
00:40:17.122504          ERROR [COM]: aRC=VBOX_E_OBJECT_NOT_FOUND (0x80bb0001) aIID={5bfd8965-b81b-469f-8649-f717ce97a5d5} aComponent={NvramStoreWrap} aText={The UEFI NVRAM file is not existing for this machine}, preserve=false aResultDetail=0
00:40:17.125012          ERROR [COM]: aRC=VBOX_E_OBJECT_NOT_FOUND (0x80bb0001) aIID={5bfd8965-b81b-469f-8649-f717ce97a5d5} aComponent={NvramStoreWrap} aText={The UEFI NVRAM file is not existing for this machine}, preserve=false aResultDetail=0
00:40:17.136514          ERROR [COM]: aRC=VBOX_E_INVALID_VM_STATE (0x80bb0002) aIID={e36a5081-a82a-40bd-9e4e-42a44d6ce50f} aComponent={MachineWrap} aText={The machine is not mutable, saved or running (state is Paused)}, preserve=false aResultDetail=0
00:40:17.146892          ERROR [COM]: aRC=VBOX_E_INVALID_VM_STATE (0x80bb0002) aIID={e36a5081-a82a-40bd-9e4e-42a44d6ce50f} aComponent={MachineWrap} aText={The machine is not mutable, saved or running (state is Paused)}, preserve=false aResultDetail=0
00:40:17.170525          ERROR [COM]: aRC=E_FAIL (0x80004005) aIID={bea3ef5c-de2f-4b74-aa3a-15d6249371a0} aComponent={RecordingSettingsWrap} aText={Recording not started}, preserve=false aResultDetail=0
00:40:19.088384          ERROR [COM]: aRC=E_FAIL (0x80004005) aIID={bea3ef5c-de2f-4b74-aa3a-15d6249371a0} aComponent={RecordingSettingsWrap} aText={Recording not started}, preserve=false aResultDetail=0
00:40:19.168548          ERROR [COM]: aRC=VBOX_E_OBJECT_NOT_FOUND (0x80bb0001) aIID={5bfd8965-b81b-469f-8649-f717ce97a5d5} aComponent={NvramStoreWrap} aText={The UEFI NVRAM file is not existing for this machine}, preserve=false aResultDetail=0
00:40:19.173248          ERROR [COM]: aRC=VBOX_E_OBJECT_NOT_FOUND (0x80bb0001) aIID={5bfd8965-b81b-469f-8649-f717ce97a5d5} aComponent={NvramStoreWrap} aText={The UEFI NVRAM file is not existing for this machine}, preserve=false aResultDetail=0
00:40:19.176966          ERROR [COM]: aRC=VBOX_E_OBJECT_NOT_FOUND (0x80bb0001) aIID={5bfd8965-b81b-469f-8649-f717ce97a5d5} aComponent={NvramStoreWrap} aText={The UEFI NVRAM file is not existing for this machine}, preserve=false aResultDetail=0
00:40:19.202486          ERROR [COM]: aRC=VBOX_E_INVALID_VM_STATE (0x80bb0002) aIID={e36a5081-a82a-40bd-9e4e-42a44d6ce50f} aComponent={MachineWrap} aText={The machine is not mutable, saved or running (state is Saving)}, preserve=false aResultDetail=0
00:40:19.204667          ERROR [COM]: aRC=VBOX_E_INVALID_VM_STATE (0x80bb0002) aIID={e36a5081-a82a-40bd-9e4e-42a44d6ce50f} aComponent={MachineWrap} aText={The machine is not mutable, saved or running (state is Saving)}, preserve=false aResultDetail=0
00:40:19.215703          ERROR [COM]: aRC=VBOX_E_INVALID_VM_STATE (0x80bb0002) aIID={e36a5081-a82a-40bd-9e4e-42a44d6ce50f} aComponent={MachineWrap} aText={The machine is not mutable, saved or running (state is Saving)}, preserve=false aResultDetail=0
00:40:22.172525          Saving settings file "C:\Users\RAJAN\VirtualBox VMs\ubuntu\ubuntu.vbox" with version "1.19-windows"
00:40:22.180340          Finished saving settings file "C:\Users\RAJAN\VirtualBox VMs\ubuntu\ubuntu.vbox"
00:40:22.209719          ERROR [COM]: aRC=VBOX_E_IPRT_ERROR (0x80bb0005) aIID={e36a5081-a82a-40bd-9e4e-42a44d6ce50f} aComponent={MachineWrap} aText={Saved screenshot thumbnail data is not available (VERR_NOT_SUPPORTED)}, preserve=false aResultDetail=-37
00:40:22.210474          ERROR [COM]: aRC=VBOX_E_IPRT_ERROR (0x80bb0005) aIID={e36a5081-a82a-40bd-9e4e-42a44d6ce50f} aComponent={MachineWrap} aText={Saved screenshot thumbnail data is not available (VERR_NOT_SUPPORTED)}, preserve=false aResultDetail=-37
00:40:22.234367          ERROR [COM]: aRC=E_FAIL (0x80004005) aIID={bea3ef5c-de2f-4b74-aa3a-15d6249371a0} aComponent={RecordingSettingsWrap} aText={Recording not started}, preserve=false aResultDetail=0
00:40:22.262468 SaveState Saving settings file "C:\Users\RAJAN\VirtualBox VMs\ubuntu\ubuntu.vbox" with version "1.19-windows"
00:40:22.270301 SaveState Finished saving settings file "C:\Users\RAJAN\VirtualBox VMs\ubuntu\ubuntu.vbox"
00:40:22.287724          ERROR [COM]: aRC=E_INVALIDARG (0x80070057) aIID={e36a5081-a82a-40bd-9e4e-42a44d6ce50f} aComponent={SessionMachine} aText={Properties with TRANSIENT or TRANSRESET flag cannot be set or modified if VM is not running}, preserve=false aResultDetail=0
00:40:22.340979          ERROR [COM]: aRC=VBOX_E_OBJECT_NOT_FOUND (0x80bb0001) aIID={5bfd8965-b81b-469f-8649-f717ce97a5d5} aComponent={NvramStoreWrap} aText={The UEFI NVRAM file is not existing for this machine}, preserve=false aResultDetail=0
00:40:22.399014          ERROR [COM]: aRC=VBOX_E_OBJECT_NOT_FOUND (0x80bb0001) aIID={5bfd8965-b81b-469f-8649-f717ce97a5d5} aComponent={NvramStoreWrap} aText={The UEFI NVRAM file is not existing for this machine}, preserve=false aResultDetail=0
00:40:22.440898          ERROR [COM]: aRC=VBOX_E_OBJECT_NOT_FOUND (0x80bb0001) aIID={5bfd8965-b81b-469f-8649-f717ce97a5d5} aComponent={NvramStoreWrap} aText={The UEFI NVRAM file is not existing for this machine}, preserve=false aResultDetail=0
00:40:22.455635          ERROR [COM]: aRC=VBOX_E_INVALID_VM_STATE (0x80bb0002) aIID={e36a5081-a82a-40bd-9e4e-42a44d6ce50f} aComponent={MachineWrap} aText={The machine is not mutable, saved or running (state is Saved)}, preserve=false aResultDetail=0
00:40:22.488228          ERROR [COM]: aRC=VBOX_E_OBJECT_NOT_FOUND (0x80bb0001) aIID={5bfd8965-b81b-469f-8649-f717ce97a5d5} aComponent={NvramStoreWrap} aText={The UEFI NVRAM file is not existing for this machine}, preserve=false aResultDetail=0
00:40:22.504464          ERROR [COM]: aRC=VBOX_E_INVALID_VM_STATE (0x80bb0002) aIID={e36a5081-a82a-40bd-9e4e-42a44d6ce50f} aComponent={MachineWrap} aText={The machine is not mutable, saved or running (state is Saved)}, preserve=false aResultDetail=0
00:40:22.531586          ERROR [COM]: aRC=VBOX_E_INVALID_VM_STATE (0x80bb0002) aIID={e36a5081-a82a-40bd-9e4e-42a44d6ce50f} aComponent={MachineWrap} aText={The machine is not mutable, saved or running (state is Saved)}, preserve=false aResultDetail=0
00:40:23.195297          ERROR [COM]: aRC=VBOX_E_OBJECT_NOT_FOUND (0x80bb0001) aIID={5bfd8965-b81b-469f-8649-f717ce97a5d5} aComponent={NvramStoreWrap} aText={The UEFI NVRAM file is not existing for this machine}, preserve=false aResultDetail=0
00:40:23.195468          ERROR [COM]: aRC=VBOX_E_OBJECT_NOT_FOUND (0x80bb0001) aIID={5bfd8965-b81b-469f-8649-f717ce97a5d5} aComponent={NvramStoreWrap} aText={The UEFI NVRAM file is not existing for this machine}, preserve=false aResultDetail=0
00:40:23.205651          ERROR [COM]: aRC=VBOX_E_INVALID_VM_STATE (0x80bb0002) aIID={e36a5081-a82a-40bd-9e4e-42a44d6ce50f} aComponent={MachineWrap} aText={The machine is not mutable, saved or running (state is Saved)}, preserve=false aResultDetail=0
00:40:23.206698          ERROR [COM]: aRC=VBOX_E_INVALID_VM_STATE (0x80bb0002) aIID={e36a5081-a82a-40bd-9e4e-42a44d6ce50f} aComponent={MachineWrap} aText={The machine is not mutable, saved or running (state is Saved)}, preserve=false aResultDetail=0
00:40:23.209895          ERROR [COM]: aRC=VBOX_E_OBJECT_NOT_FOUND (0x80bb0001) aIID={5bfd8965-b81b-469f-8649-f717ce97a5d5} aComponent={NvramStoreWrap} aText={The UEFI NVRAM file is not existing for this machine}, preserve=false aResultDetail=0
00:40:23.227769          ERROR [COM]: aRC=VBOX_E_INVALID_VM_STATE (0x80bb0002) aIID={e36a5081-a82a-40bd-9e4e-42a44d6ce50f} aComponent={MachineWrap} aText={The machine is not mutable, saved or running (state is Saved)}, preserve=false aResultDetail=0
00:40:57.662423          Launched VM: 4110561072 pid: 8028 (0x1f5c) frontend: GUI/Qt name: ubuntu
00:40:57.679859          ERROR [COM]: aRC=VBOX_E_OBJECT_NOT_FOUND (0x80bb0001) aIID={5bfd8965-b81b-469f-8649-f717ce97a5d5} aComponent={NvramStoreWrap} aText={The UEFI NVRAM file is not existing for this machine}, preserve=false aResultDetail=0
00:40:57.679977          ERROR [COM]: aRC=VBOX_E_OBJECT_NOT_FOUND (0x80bb0001) aIID={5bfd8965-b81b-469f-8649-f717ce97a5d5} aComponent={NvramStoreWrap} aText={The UEFI NVRAM file is not existing for this machine}, preserve=false aResultDetail=0
00:40:57.686873          ERROR [COM]: aRC=VBOX_E_OBJECT_NOT_FOUND (0x80bb0001) aIID={5bfd8965-b81b-469f-8649-f717ce97a5d5} aComponent={NvramStoreWrap} aText={The UEFI NVRAM file is not existing for this machine}, preserve=false aResultDetail=0
00:40:57.690915          ERROR [COM]: aRC=VBOX_E_INVALID_VM_STATE (0x80bb0002) aIID={e36a5081-a82a-40bd-9e4e-42a44d6ce50f} aComponent={MachineWrap} aText={The machine is not mutable, saved or running (state is Saved)}, preserve=false aResultDetail=0
00:40:57.697447          ERROR [COM]: aRC=VBOX_E_INVALID_VM_STATE (0x80bb0002) aIID={e36a5081-a82a-40bd-9e4e-42a44d6ce50f} aComponent={MachineWrap} aText={The machine is not mutable, saved or running (state is Saved)}, preserve=false aResultDetail=0
00:40:57.698790          ERROR [COM]: aRC=VBOX_E_INVALID_VM_STATE (0x80bb0002) aIID={e36a5081-a82a-40bd-9e4e-42a44d6ce50f} aComponent={MachineWrap} aText={The machine is not mutable, saved or running (state is Saved)}, preserve=false aResultDetail=0
00:41:03.084173          Platform architecture set to 'x86'
00:41:03.191855          ERROR [COM]: aRC=VBOX_E_OBJECT_NOT_FOUND (0x80bb0001) aIID={5bfd8965-b81b-469f-8649-f717ce97a5d5} aComponent={NvramStoreWrap} aText={The UEFI NVRAM file is not existing for this machine}, preserve=false aResultDetail=0
00:41:03.197650          ERROR [COM]: aRC=VBOX_E_OBJECT_NOT_FOUND (0x80bb0001) aIID={5bfd8965-b81b-469f-8649-f717ce97a5d5} aComponent={NvramStoreWrap} aText={The UEFI NVRAM file is not existing for this machine}, preserve=false aResultDetail=0
00:41:03.197858          ERROR [COM]: aRC=VBOX_E_OBJECT_NOT_FOUND (0x80bb0001) aIID={5bfd8965-b81b-469f-8649-f717ce97a5d5} aComponent={NvramStoreWrap} aText={The UEFI NVRAM file is not existing for this machine}, preserve=false aResultDetail=0
00:41:03.203494          ERROR [COM]: aRC=VBOX_E_INVALID_VM_STATE (0x80bb0002) aIID={e36a5081-a82a-40bd-9e4e-42a44d6ce50f} aComponent={MachineWrap} aText={The machine is not mutable, saved or running (state is Saved)}, preserve=false aResultDetail=0
00:41:03.204368          ERROR [COM]: aRC=VBOX_E_INVALID_VM_STATE (0x80bb0002) aIID={e36a5081-a82a-40bd-9e4e-42a44d6ce50f} aComponent={MachineWrap} aText={The machine is not mutable, saved or running (state is Saved)}, preserve=false aResultDetail=0
00:41:03.207712          ERROR [COM]: aRC=VBOX_E_INVALID_VM_STATE (0x80bb0002) aIID={e36a5081-a82a-40bd-9e4e-42a44d6ce50f} aComponent={MachineWrap} aText={The machine is not mutable, saved or running (state is Saved)}, preserve=false aResultDetail=0
00:41:03.840258          ERROR [COM]: aRC=VBOX_E_OBJECT_NOT_FOUND (0x80bb0001) aIID={70401eef-c8e9-466b-9660-45cb3e9979e4} aComponent={ExtPackManagerWrap} aText={No extension pack by the name 'Oracle VirtualBox Extension Pack' was found}, preserve=false aResultDetail=0
00:41:03.894765          ERROR [COM]: aRC=E_FAIL (0x80004005) aIID={bea3ef5c-de2f-4b74-aa3a-15d6249371a0} aComponent={RecordingSettingsWrap} aText={Recording not started}, preserve=false aResultDetail=0
00:41:04.808463          ERROR [COM]: aRC=E_FAIL (0x80004005) aIID={bea3ef5c-de2f-4b74-aa3a-15d6249371a0} aComponent={RecordingSettingsWrap} aText={Recording not started}, preserve=false aResultDetail=0
00:41:04.824272          ERROR [COM]: aRC=VBOX_E_OBJECT_NOT_FOUND (0x80bb0001) aIID={5bfd8965-b81b-469f-8649-f717ce97a5d5} aComponent={NvramStoreWrap} aText={The UEFI NVRAM file is not existing for this machine}, preserve=false aResultDetail=0
00:41:04.824866          ERROR [COM]: aRC=VBOX_E_OBJECT_NOT_FOUND (0x80bb0001) aIID={5bfd8965-b81b-469f-8649-f717ce97a5d5} aComponent={NvramStoreWrap} aText={The UEFI NVRAM file is not existing for this machine}, preserve=false aResultDetail=0
00:41:04.828597          ERROR [COM]: aRC=VBOX_E_OBJECT_NOT_FOUND (0x80bb0001) aIID={5bfd8965-b81b-469f-8649-f717ce97a5d5} aComponent={NvramStoreWrap} aText={The UEFI NVRAM file is not existing for this machine}, preserve=false aResultDetail=0
00:41:04.852992          ERROR [COM]: aRC=VBOX_E_INVALID_VM_STATE (0x80bb0002) aIID={e36a5081-a82a-40bd-9e4e-42a44d6ce50f} aComponent={SessionMachine} aText={The machine is not mutable or saved (state is Restoring)}, preserve=false aResultDetail=0
00:41:04.867125          ERROR [COM]: aRC=VBOX_E_INVALID_VM_STATE (0x80bb0002) aIID={e36a5081-a82a-40bd-9e4e-42a44d6ce50f} aComponent={MachineWrap} aText={The machine is not mutable, saved or running (state is Restoring)}, preserve=false aResultDetail=0
00:41:04.882788          ERROR [COM]: aRC=VBOX_E_INVALID_VM_STATE (0x80bb0002) aIID={e36a5081-a82a-40bd-9e4e-42a44d6ce50f} aComponent={MachineWrap} aText={The machine is not mutable, saved or running (state is Restoring)}, preserve=false aResultDetail=0
00:41:04.914761          ERROR [COM]: aRC=VBOX_E_INVALID_VM_STATE (0x80bb0002) aIID={e36a5081-a82a-40bd-9e4e-42a44d6ce50f} aComponent={MachineWrap} aText={The machine is not mutable, saved or running (state is Restoring)}, preserve=false aResultDetail=0
00:41:05.782562          ERROR [COM]: aRC=VBOX_E_OBJECT_NOT_FOUND (0x80bb0001) aIID={7d510820-a678-4730-a862-818dcd3fbed0} aComponent={MediumWrap} aText={Property 'CRYPT/KeyId' does not exist}, preserve=false aResultDetail=0
00:41:05.783330          HostDnsMonitorProxy::GetDomainName: no domain set
00:41:05.783386          HostDnsMonitorProxy::GetNameServers:
00:41:05.783391            name server 1: 192.168.159.192
00:41:05.783433          HostDnsMonitorProxy::GetSearchStrings:
00:41:05.783438            no search string entries
00:41:08.645554          Saving settings file "C:\Users\RAJAN\VirtualBox VMs\ubuntu\ubuntu.vbox" with version "1.19-windows"
00:41:08.691118          Finished saving settings file "C:\Users\RAJAN\VirtualBox VMs\ubuntu\ubuntu.vbox"
00:41:08.873067          ERROR [COM]: aRC=E_FAIL (0x80004005) aIID={bea3ef5c-de2f-4b74-aa3a-15d6249371a0} aComponent={RecordingSettingsWrap} aText={Recording not started}, preserve=false aResultDetail=0
00:41:08.878785          ERROR [COM]: aRC=VBOX_E_OBJECT_NOT_FOUND (0x80bb0001) aIID={5bfd8965-b81b-469f-8649-f717ce97a5d5} aComponent={NvramStoreWrap} aText={The UEFI NVRAM file is not existing for this machine}, preserve=false aResultDetail=0
00:41:08.892282          ERROR [COM]: aRC=VBOX_E_OBJECT_NOT_FOUND (0x80bb0001) aIID={5bfd8965-b81b-469f-8649-f717ce97a5d5} aComponent={NvramStoreWrap} aText={The UEFI NVRAM file is not existing for this machine}, preserve=false aResultDetail=0
00:41:08.899041          ERROR [COM]: aRC=VBOX_E_OBJECT_NOT_FOUND (0x80bb0001) aIID={5bfd8965-b81b-469f-8649-f717ce97a5d5} aComponent={NvramStoreWrap} aText={The UEFI NVRAM file is not existing for this machine}, preserve=false aResultDetail=0
00:41:08.954541          ERROR [COM]: aRC=VBOX_E_INVALID_VM_STATE (0x80bb0002) aIID={e36a5081-a82a-40bd-9e4e-42a44d6ce50f} aComponent={MachineWrap} aText={The machine is not mutable, saved or running (state is Running)}, preserve=false aResultDetail=0
00:41:08.956712          ERROR [COM]: aRC=VBOX_E_INVALID_VM_STATE (0x80bb0002) aIID={e36a5081-a82a-40bd-9e4e-42a44d6ce50f} aComponent={MachineWrap} aText={The machine is not mutable, saved or running (state is Running)}, preserve=false aResultDetail=0
00:41:08.997223          ERROR [COM]: aRC=VBOX_E_INVALID_VM_STATE (0x80bb0002) aIID={e36a5081-a82a-40bd-9e4e-42a44d6ce50f} aComponent={MachineWrap} aText={The machine is not mutable, saved or running (state is Running)}, preserve=false aResultDetail=0
00:41:10.790936 USBPROXY usbLibGetDevices: Starting USB device enumeration
00:41:10.830370 USBPROXY Getting USB descriptor (id 0) failed (dwErr=31) on hub USB#ROOT_HUB30#5&13f88fcb&0&0#{f18a0e88-c30c-11d0-8815-00a0c906bed8} port 2
00:41:10.995052 USBPROXY Getting USB descriptor (id 0) failed (dwErr=31) on hub USB#ROOT_HUB30#5&31c52a58&0&0#{f18a0e88-c30c-11d0-8815-00a0c906bed8} port 1
00:41:10.996540 USBPROXY usbLibGetDevices: Found 2 USB devices, 0 captured
00:41:10.999527 USBPROXY USB: Unknown USB device detected (idVendor: 0x0bda, idProduct: 0xc829)
00:41:13.279899 USBPROXY usbLibGetDevices: Starting USB device enumeration
00:41:13.444671 USBPROXY Getting USB descriptor (id 0) failed (dwErr=31) on hub USB#ROOT_HUB30#5&31c52a58&0&0#{f18a0e88-c30c-11d0-8815-00a0c906bed8} port 1
00:41:13.444904 USBPROXY usbLibGetDevices: Found 2 USB devices, 0 captured
00:41:17.718586 USBPROXY usbLibGetDevices: Starting USB device enumeration
00:41:17.795015 USBPROXY Getting USB descriptor (id 0) failed (dwErr=31) on hub USB#ROOT_HUB30#5&31c52a58&0&0#{f18a0e88-c30c-11d0-8815-00a0c906bed8} port 1
00:41:17.795188 USBPROXY usbLibGetDevices: Found 2 USB devices, 0 captured
00:41:22.696865 USBPROXY usbLibGetDevices: Starting USB device enumeration
00:41:22.779122 USBPROXY Getting USB descriptor (id 0) failed (dwErr=31) on hub USB#ROOT_HUB30#5&31c52a58&0&0#{f18a0e88-c30c-11d0-8815-00a0c906bed8} port 1
00:41:22.779402 USBPROXY usbLibGetDevices: Found 2 USB devices, 0 captured
00:41:30.499266 USBPROXY usbLibGetDevices: Starting USB device enumeration
00:41:30.670060 USBPROXY Getting USB descriptor (id 0) failed (dwErr=31) on hub USB#ROOT_HUB30#5&31c52a58&0&0#{f18a0e88-c30c-11d0-8815-00a0c906bed8} port 1
00:41:30.670296 USBPROXY usbLibGetDevices: Found 2 USB devices, 0 captured
00:41:33.514204 USBPROXY usbLibGetDevices: Starting USB device enumeration
00:41:33.589843 USBPROXY Getting USB descriptor (id 0) failed (dwErr=31) on hub USB#ROOT_HUB30#5&31c52a58&0&0#{f18a0e88-c30c-11d0-8815-00a0c906bed8} port 1
00:41:33.590113 USBPROXY usbLibGetDevices: Found 2 USB devices, 0 captured
00:41:43.320496 USBPROXY usbLibGetDevices: Starting USB device enumeration
00:41:43.490192 USBPROXY Getting USB descriptor (id 0) failed (dwErr=31) on hub USB#ROOT_HUB30#5&31c52a58&0&0#{f18a0e88-c30c-11d0-8815-00a0c906bed8} port 1
00:41:43.490347 USBPROXY usbLibGetDevices: Found 2 USB devices, 0 captured
00:41:47.913471 USBPROXY usbLibGetDevices: Starting USB device enumeration
00:41:47.974653 USBPROXY Getting USB descriptor (id 0) failed (dwErr=31) on hub USB#ROOT_HUB30#5&31c52a58&0&0#{f18a0e88-c30c-11d0-8815-00a0c906bed8} port 1
00:41:47.974869 USBPROXY usbLibGetDevices: Found 2 USB devices, 0 captured
00:41:57.537546 USBPROXY usbLibGetDevices: Starting USB device enumeration
00:41:57.708622 USBPROXY Getting USB descriptor (id 0) failed (dwErr=31) on hub USB#ROOT_HUB30#5&31c52a58&0&0#{f18a0e88-c30c-11d0-8815-00a0c906bed8} port 1
00:41:57.708776 USBPROXY usbLibGetDevices: Found 2 USB devices, 0 captured
00:42:51.433505          ERROR [COM]: aRC=VBOX_E_OBJECT_NOT_FOUND (0x80bb0001) aIID={5bfd8965-b81b-469f-8649-f717ce97a5d5} aComponent={NvramStoreWrap} aText={The UEFI NVRAM file is not existing for this machine}, preserve=false aResultDetail=0
00:42:53.513068 USBPROXY usbLibGetDevices: Starting USB device enumeration
00:42:53.686840 USBPROXY Getting USB descriptor (id 0) failed (dwErr=31) on hub USB#ROOT_HUB30#5&31c52a58&0&0#{f18a0e88-c30c-11d0-8815-00a0c906bed8} port 1
00:42:53.687179 USBPROXY usbLibGetDevices: Found 2 USB devices, 0 captured
00:42:57.474806 USBPROXY usbLibGetDevices: Starting USB device enumeration
00:42:57.590097 USBPROXY Getting USB descriptor (id 0) failed (dwErr=31) on hub USB#ROOT_HUB30#5&13f88fcb&0&0#{f18a0e88-c30c-11d0-8815-00a0c906bed8} port 2
00:42:57.908683 USBPROXY Getting USB descriptor (id 0) failed (dwErr=31) on hub USB#ROOT_HUB30#5&31c52a58&0&0#{f18a0e88-c30c-11d0-8815-00a0c906bed8} port 1
00:42:57.910092 USBPROXY usbLibGetDevices: Found 2 USB devices, 0 captured
00:42:58.021314 USBPROXY USB: Unknown USB device detected (idVendor: 0x0bda, idProduct: 0xc829)
00:42:59.791536 USBPROXY usbLibGetDevices: Starting USB device enumeration
00:42:59.897996 USBPROXY Getting USB descriptor (id 0) failed (dwErr=31) on hub USB#ROOT_HUB30#5&31c52a58&0&0#{f18a0e88-c30c-11d0-8815-00a0c906bed8} port 1
00:42:59.898277 USBPROXY usbLibGetDevices: Found 2 USB devices, 0 captured
00:44:38.398094          Saving settings file "C:\Users\RAJAN\.VirtualBox\VirtualBox.xml" with version "1.12-windows"
00:44:38.407062          Finished saving settings file "C:\Users\RAJAN\.VirtualBox\VirtualBox.xml"
00:44:58.215839          Saving settings file "C:\Users\RAJAN\.VirtualBox\VirtualBox.xml" with version "1.12-windows"
00:44:58.219194          Finished saving settings file "C:\Users\RAJAN\.VirtualBox\VirtualBox.xml"
00:45:26.602661          ERROR [COM]: aRC=VBOX_E_OBJECT_NOT_FOUND (0x80bb0001) aIID={5bfd8965-b81b-469f-8649-f717ce97a5d5} aComponent={NvramStoreWrap} aText={The UEFI NVRAM file is not existing for this machine}, preserve=false aResultDetail=0
00:45:26.604230          ERROR [COM]: aRC=VBOX_E_OBJECT_NOT_FOUND (0x80bb0001) aIID={5bfd8965-b81b-469f-8649-f717ce97a5d5} aComponent={NvramStoreWrap} aText={The UEFI NVRAM file is not existing for this machine}, preserve=false aResultDetail=0
00:45:26.604465          ERROR [COM]: aRC=VBOX_E_OBJECT_NOT_FOUND (0x80bb0001) aIID={5bfd8965-b81b-469f-8649-f717ce97a5d5} aComponent={NvramStoreWrap} aText={The UEFI NVRAM file is not existing for this machine}, preserve=false aResultDetail=0
00:45:26.617173          ERROR [COM]: aRC=VBOX_E_INVALID_VM_STATE (0x80bb0002) aIID={e36a5081-a82a-40bd-9e4e-42a44d6ce50f} aComponent={MachineWrap} aText={The machine is not mutable, saved or running (state is Paused)}, preserve=false aResultDetail=0
00:45:26.619692          ERROR [COM]: aRC=E_FAIL (0x80004005) aIID={bea3ef5c-de2f-4b74-aa3a-15d6249371a0} aComponent={RecordingSettingsWrap} aText={Recording not started}, preserve=false aResultDetail=0
00:45:26.624682          ERROR [COM]: aRC=VBOX_E_INVALID_VM_STATE (0x80bb0002) aIID={e36a5081-a82a-40bd-9e4e-42a44d6ce50f} aComponent={MachineWrap} aText={The machine is not mutable, saved or running (state is Paused)}, preserve=false aResultDetail=0
00:45:26.625605          ERROR [COM]: aRC=VBOX_E_INVALID_VM_STATE (0x80bb0002) aIID={e36a5081-a82a-40bd-9e4e-42a44d6ce50f} aComponent={MachineWrap} aText={The machine is not mutable, saved or running (state is Paused)}, preserve=false aResultDetail=0
00:45:31.490024          Saving settings file "C:\Users\RAJAN\VirtualBox VMs\ubuntu\ubuntu.vbox" with version "1.19-windows"
00:45:31.495004          Finished saving settings file "C:\Users\RAJAN\VirtualBox VMs\ubuntu\ubuntu.vbox"
00:45:31.523291          ERROR [COM]: aRC=VBOX_E_OBJECT_NOT_FOUND (0x80bb0001) aIID={5bfd8965-b81b-469f-8649-f717ce97a5d5} aComponent={NvramStoreWrap} aText={The UEFI NVRAM file is not existing for this machine}, preserve=false aResultDetail=0
00:45:31.523484          ERROR [COM]: aRC=VBOX_E_OBJECT_NOT_FOUND (0x80bb0001) aIID={5bfd8965-b81b-469f-8649-f717ce97a5d5} aComponent={NvramStoreWrap} aText={The UEFI NVRAM file is not existing for this machine}, preserve=false aResultDetail=0
00:45:31.528324          ERROR [COM]: aRC=VBOX_E_OBJECT_NOT_FOUND (0x80bb0001) aIID={5bfd8965-b81b-469f-8649-f717ce97a5d5} aComponent={NvramStoreWrap} aText={The UEFI NVRAM file is not existing for this machine}, preserve=false aResultDetail=0
00:45:31.593195          ERROR [COM]: aRC=E_FAIL (0x80004005) aIID={bea3ef5c-de2f-4b74-aa3a-15d6249371a0} aComponent={RecordingSettingsWrap} aText={Recording not started}, preserve=false aResultDetail=0
00:45:31.604547          ERROR [COM]: aRC=VBOX_E_OBJECT_NOT_FOUND (0x80bb0001) aIID={5bfd8965-b81b-469f-8649-f717ce97a5d5} aComponent={NvramStoreWrap} aText={The UEFI NVRAM file is not existing for this machine}, preserve=false aResultDetail=0
00:45:31.608633          ERROR [COM]: aRC=VBOX_E_OBJECT_NOT_FOUND (0x80bb0001) aIID={5bfd8965-b81b-469f-8649-f717ce97a5d5} aComponent={NvramStoreWrap} aText={The UEFI NVRAM file is not existing for this machine}, preserve=false aResultDetail=0
00:45:31.611460          ERROR [COM]: aRC=VBOX_E_OBJECT_NOT_FOUND (0x80bb0001) aIID={5bfd8965-b81b-469f-8649-f717ce97a5d5} aComponent={NvramStoreWrap} aText={The UEFI NVRAM file is not existing for this machine}, preserve=false aResultDetail=0
00:45:31.631050          ERROR [COM]: aRC=VBOX_E_INVALID_VM_STATE (0x80bb0002) aIID={e36a5081-a82a-40bd-9e4e-42a44d6ce50f} aComponent={MachineWrap} aText={The machine is not mutable, saved or running (state is Stopping)}, preserve=false aResultDetail=0
00:45:31.631329          ERROR [COM]: aRC=VBOX_E_INVALID_VM_STATE (0x80bb0002) aIID={e36a5081-a82a-40bd-9e4e-42a44d6ce50f} aComponent={MachineWrap} aText={The machine is not mutable, saved or running (state is Stopping)}, preserve=false aResultDetail=0
00:45:31.648409          ERROR [COM]: aRC=VBOX_E_INVALID_VM_STATE (0x80bb0002) aIID={e36a5081-a82a-40bd-9e4e-42a44d6ce50f} aComponent={MachineWrap} aText={The machine is not mutable, saved or running (state is Stopping)}, preserve=false aResultDetail=0
00:45:31.757825          Saving settings file "C:\Users\RAJAN\VirtualBox VMs\ubuntu\ubuntu.vbox" with version "1.19-windows"
00:45:31.763289          Finished saving settings file "C:\Users\RAJAN\VirtualBox VMs\ubuntu\ubuntu.vbox"
00:45:31.825704          ERROR [COM]: aRC=E_FAIL (0x80004005) aIID={bea3ef5c-de2f-4b74-aa3a-15d6249371a0} aComponent={RecordingSettingsWrap} aText={Recording not started}, preserve=false aResultDetail=0
00:45:31.834149          ERROR [COM]: aRC=VBOX_E_OBJECT_NOT_FOUND (0x80bb0001) aIID={5bfd8965-b81b-469f-8649-f717ce97a5d5} aComponent={NvramStoreWrap} aText={The UEFI NVRAM file is not existing for this machine}, preserve=false aResultDetail=0
00:45:31.835543          ERROR [COM]: aRC=E_INVALIDARG (0x80070057) aIID={e36a5081-a82a-40bd-9e4e-42a44d6ce50f} aComponent={SessionMachine} aText={Properties with TRANSIENT or TRANSRESET flag cannot be set or modified if VM is not running}, preserve=false aResultDetail=0
00:45:31.835589          ERROR [COM]: aRC=VBOX_E_OBJECT_NOT_FOUND (0x80bb0001) aIID={5bfd8965-b81b-469f-8649-f717ce97a5d5} aComponent={NvramStoreWrap} aText={The UEFI NVRAM file is not existing for this machine}, preserve=false aResultDetail=0
00:45:31.858237          ERROR [COM]: aRC=VBOX_E_OBJECT_NOT_FOUND (0x80bb0001) aIID={5bfd8965-b81b-469f-8649-f717ce97a5d5} aComponent={NvramStoreWrap} aText={The UEFI NVRAM file is not existing for this machine}, preserve=false aResultDetail=0
00:45:31.864444          ERROR [COM]: aRC=VBOX_E_INVALID_VM_STATE (0x80bb0002) aIID={e36a5081-a82a-40bd-9e4e-42a44d6ce50f} aComponent={MachineWrap} aText={The machine is not mutable, saved or running (state is PoweredOff)}, preserve=false aResultDetail=0
00:45:31.865139          ERROR [COM]: aRC=VBOX_E_INVALID_VM_STATE (0x80bb0002) aIID={e36a5081-a82a-40bd-9e4e-42a44d6ce50f} aComponent={MachineWrap} aText={The machine is not mutable, saved or running (state is PoweredOff)}, preserve=false aResultDetail=0
00:45:31.922755          ERROR [COM]: aRC=VBOX_E_INVALID_VM_STATE (0x80bb0002) aIID={e36a5081-a82a-40bd-9e4e-42a44d6ce50f} aComponent={MachineWrap} aText={The machine is not mutable, saved or running (state is PoweredOff)}, preserve=false aResultDetail=0
00:45:32.841407          ERROR [COM]: aRC=VBOX_E_OBJECT_NOT_FOUND (0x80bb0001) aIID={5bfd8965-b81b-469f-8649-f717ce97a5d5} aComponent={NvramStoreWrap} aText={The UEFI NVRAM file is not existing for this machine}, preserve=false aResultDetail=0
00:45:32.841628          ERROR [COM]: aRC=VBOX_E_OBJECT_NOT_FOUND (0x80bb0001) aIID={5bfd8965-b81b-469f-8649-f717ce97a5d5} aComponent={NvramStoreWrap} aText={The UEFI NVRAM file is not existing for this machine}, preserve=false aResultDetail=0
00:45:32.848786          ERROR [COM]: aRC=VBOX_E_OBJECT_NOT_FOUND (0x80bb0001) aIID={5bfd8965-b81b-469f-8649-f717ce97a5d5} aComponent={NvramStoreWrap} aText={The UEFI NVRAM file is not existing for this machine}, preserve=false aResultDetail=0
00:45:32.882693          ERROR [COM]: aRC=VBOX_E_INVALID_VM_STATE (0x80bb0002) aIID={e36a5081-a82a-40bd-9e4e-42a44d6ce50f} aComponent={MachineWrap} aText={The machine is not mutable, saved or running (state is PoweredOff)}, preserve=false aResultDetail=0
00:45:32.882890          ERROR [COM]: aRC=VBOX_E_INVALID_VM_STATE (0x80bb0002) aIID={e36a5081-a82a-40bd-9e4e-42a44d6ce50f} aComponent={MachineWrap} aText={The machine is not mutable, saved or running (state is PoweredOff)}, preserve=false aResultDetail=0
00:45:32.899220          ERROR [COM]: aRC=VBOX_E_INVALID_VM_STATE (0x80bb0002) aIID={e36a5081-a82a-40bd-9e4e-42a44d6ce50f} aComponent={MachineWrap} aText={The machine is not mutable, saved or running (state is PoweredOff)}, preserve=false aResultDetail=0
00:45:34.633805          Launched VM: 4110476416 pid: 6260 (0x1874) frontend: GUI/Qt name: ubuntu
00:45:34.683578          ERROR [COM]: aRC=VBOX_E_OBJECT_NOT_FOUND (0x80bb0001) aIID={5bfd8965-b81b-469f-8649-f717ce97a5d5} aComponent={NvramStoreWrap} aText={The UEFI NVRAM file is not existing for this machine}, preserve=false aResultDetail=0
00:45:34.684349          ERROR [COM]: aRC=VBOX_E_OBJECT_NOT_FOUND (0x80bb0001) aIID={5bfd8965-b81b-469f-8649-f717ce97a5d5} aComponent={NvramStoreWrap} aText={The UEFI NVRAM file is not existing for this machine}, preserve=false aResultDetail=0
00:45:34.689281          ERROR [COM]: aRC=VBOX_E_OBJECT_NOT_FOUND (0x80bb0001) aIID={5bfd8965-b81b-469f-8649-f717ce97a5d5} aComponent={NvramStoreWrap} aText={The UEFI NVRAM file is not existing for this machine}, preserve=false aResultDetail=0
00:45:34.717157          ERROR [COM]: aRC=VBOX_E_INVALID_VM_STATE (0x80bb0002) aIID={e36a5081-a82a-40bd-9e4e-42a44d6ce50f} aComponent={MachineWrap} aText={The machine is not mutable, saved or running (state is PoweredOff)}, preserve=false aResultDetail=0
00:45:34.718091          ERROR [COM]: aRC=VBOX_E_INVALID_VM_STATE (0x80bb0002) aIID={e36a5081-a82a-40bd-9e4e-42a44d6ce50f} aComponent={MachineWrap} aText={The machine is not mutable, saved or running (state is PoweredOff)}, preserve=false aResultDetail=0
00:45:34.723301          ERROR [COM]: aRC=VBOX_E_INVALID_VM_STATE (0x80bb0002) aIID={e36a5081-a82a-40bd-9e4e-42a44d6ce50f} aComponent={MachineWrap} aText={The machine is not mutable, saved or running (state is PoweredOff)}, preserve=false aResultDetail=0
00:45:40.038015          Platform architecture set to 'x86'
00:45:40.138138          ERROR [COM]: aRC=VBOX_E_OBJECT_NOT_FOUND (0x80bb0001) aIID={5bfd8965-b81b-469f-8649-f717ce97a5d5} aComponent={NvramStoreWrap} aText={The UEFI NVRAM file is not existing for this machine}, preserve=false aResultDetail=0
00:45:40.141084          ERROR [COM]: aRC=VBOX_E_OBJECT_NOT_FOUND (0x80bb0001) aIID={5bfd8965-b81b-469f-8649-f717ce97a5d5} aComponent={NvramStoreWrap} aText={The UEFI NVRAM file is not existing for this machine}, preserve=false aResultDetail=0
00:45:40.142092          ERROR [COM]: aRC=VBOX_E_OBJECT_NOT_FOUND (0x80bb0001) aIID={5bfd8965-b81b-469f-8649-f717ce97a5d5} aComponent={NvramStoreWrap} aText={The UEFI NVRAM file is not existing for this machine}, preserve=false aResultDetail=0
00:45:40.143160          ERROR [COM]: aRC=VBOX_E_INVALID_VM_STATE (0x80bb0002) aIID={e36a5081-a82a-40bd-9e4e-42a44d6ce50f} aComponent={MachineWrap} aText={The machine is not mutable, saved or running (state is PoweredOff)}, preserve=false aResultDetail=0
00:45:40.143744          ERROR [COM]: aRC=VBOX_E_INVALID_VM_STATE (0x80bb0002) aIID={e36a5081-a82a-40bd-9e4e-42a44d6ce50f} aComponent={MachineWrap} aText={The machine is not mutable, saved or running (state is PoweredOff)}, preserve=false aResultDetail=0
00:45:40.148143          ERROR [COM]: aRC=VBOX_E_INVALID_VM_STATE (0x80bb0002) aIID={e36a5081-a82a-40bd-9e4e-42a44d6ce50f} aComponent={MachineWrap} aText={The machine is not mutable, saved or running (state is PoweredOff)}, preserve=false aResultDetail=0
00:45:40.909923          ERROR [COM]: aRC=VBOX_E_OBJECT_NOT_FOUND (0x80bb0001) aIID={70401eef-c8e9-466b-9660-45cb3e9979e4} aComponent={ExtPackManagerWrap} aText={No extension pack by the name 'Oracle VirtualBox Extension Pack' was found}, preserve=false aResultDetail=0
00:45:40.972199          ERROR [COM]: aRC=E_FAIL (0x80004005) aIID={bea3ef5c-de2f-4b74-aa3a-15d6249371a0} aComponent={RecordingSettingsWrap} aText={Recording not started}, preserve=false aResultDetail=0
00:45:41.977961          ERROR [COM]: aRC=E_FAIL (0x80004005) aIID={bea3ef5c-de2f-4b74-aa3a-15d6249371a0} aComponent={RecordingSettingsWrap} aText={Recording not started}, preserve=false aResultDetail=0
00:45:41.990983          ERROR [COM]: aRC=VBOX_E_OBJECT_NOT_FOUND (0x80bb0001) aIID={5bfd8965-b81b-469f-8649-f717ce97a5d5} aComponent={NvramStoreWrap} aText={The UEFI NVRAM file is not existing for this machine}, preserve=false aResultDetail=0
00:45:41.991427          ERROR [COM]: aRC=VBOX_E_OBJECT_NOT_FOUND (0x80bb0001) aIID={5bfd8965-b81b-469f-8649-f717ce97a5d5} aComponent={NvramStoreWrap} aText={The UEFI NVRAM file is not existing for this machine}, preserve=false aResultDetail=0
00:45:41.998994          ERROR [COM]: aRC=VBOX_E_OBJECT_NOT_FOUND (0x80bb0001) aIID={5bfd8965-b81b-469f-8649-f717ce97a5d5} aComponent={NvramStoreWrap} aText={The UEFI NVRAM file is not existing for this machine}, preserve=false aResultDetail=0
00:45:42.015944          ERROR [COM]: aRC=VBOX_E_INVALID_VM_STATE (0x80bb0002) aIID={e36a5081-a82a-40bd-9e4e-42a44d6ce50f} aComponent={SessionMachine} aText={The machine is not mutable or saved (state is Starting)}, preserve=false aResultDetail=0
00:45:42.028687          ERROR [COM]: aRC=VBOX_E_INVALID_VM_STATE (0x80bb0002) aIID={e36a5081-a82a-40bd-9e4e-42a44d6ce50f} aComponent={MachineWrap} aText={The machine is not mutable, saved or running (state is Starting)}, preserve=false aResultDetail=0
00:45:42.051731          ERROR [COM]: aRC=VBOX_E_INVALID_VM_STATE (0x80bb0002) aIID={e36a5081-a82a-40bd-9e4e-42a44d6ce50f} aComponent={MachineWrap} aText={The machine is not mutable, saved or running (state is Starting)}, preserve=false aResultDetail=0
00:45:42.057513          ERROR [COM]: aRC=VBOX_E_INVALID_VM_STATE (0x80bb0002) aIID={e36a5081-a82a-40bd-9e4e-42a44d6ce50f} aComponent={MachineWrap} aText={The machine is not mutable, saved or running (state is Starting)}, preserve=false aResultDetail=0
00:45:42.106826          ERROR [COM]: aRC=VBOX_E_INVALID_VM_STATE (0x80bb0002) aIID={e36a5081-a82a-40bd-9e4e-42a44d6ce50f} aComponent={SessionMachine} aText={The machine is not mutable or saved (state is Starting)}, preserve=false aResultDetail=0
00:45:42.890781          ERROR [COM]: aRC=VBOX_E_OBJECT_NOT_FOUND (0x80bb0001) aIID={7d510820-a678-4730-a862-818dcd3fbed0} aComponent={MediumWrap} aText={Property 'CRYPT/KeyId' does not exist}, preserve=false aResultDetail=0
00:45:42.891844          HostDnsMonitorProxy::GetDomainName: no domain set
00:45:42.891981          HostDnsMonitorProxy::GetNameServers:
00:45:42.891988            name server 1: 192.168.159.192
00:45:42.892035          HostDnsMonitorProxy::GetSearchStrings:
00:45:42.892040            no search string entries
00:45:42.957828          ERROR [COM]: aRC=E_FAIL (0x80004005) aIID={bea3ef5c-de2f-4b74-aa3a-15d6249371a0} aComponent={RecordingSettingsWrap} aText={Recording not started}, preserve=false aResultDetail=0
00:45:43.003891          ERROR [COM]: aRC=VBOX_E_OBJECT_NOT_FOUND (0x80bb0001) aIID={5bfd8965-b81b-469f-8649-f717ce97a5d5} aComponent={NvramStoreWrap} aText={The UEFI NVRAM file is not existing for this machine}, preserve=false aResultDetail=0
00:45:43.019109          ERROR [COM]: aRC=VBOX_E_OBJECT_NOT_FOUND (0x80bb0001) aIID={5bfd8965-b81b-469f-8649-f717ce97a5d5} aComponent={NvramStoreWrap} aText={The UEFI NVRAM file is not existing for this machine}, preserve=false aResultDetail=0
00:45:43.020403          ERROR [COM]: aRC=VBOX_E_OBJECT_NOT_FOUND (0x80bb0001) aIID={5bfd8965-b81b-469f-8649-f717ce97a5d5} aComponent={NvramStoreWrap} aText={The UEFI NVRAM file is not existing for this machine}, preserve=false aResultDetail=0
00:45:43.035802          ERROR [COM]: aRC=VBOX_E_INVALID_VM_STATE (0x80bb0002) aIID={e36a5081-a82a-40bd-9e4e-42a44d6ce50f} aComponent={MachineWrap} aText={The machine is not mutable, saved or running (state is Running)}, preserve=false aResultDetail=0
00:45:43.080288          ERROR [COM]: aRC=VBOX_E_INVALID_VM_STATE (0x80bb0002) aIID={e36a5081-a82a-40bd-9e4e-42a44d6ce50f} aComponent={MachineWrap} aText={The machine is not mutable, saved or running (state is Running)}, preserve=false aResultDetail=0
00:45:43.109965          ERROR [COM]: aRC=VBOX_E_INVALID_VM_STATE (0x80bb0002) aIID={e36a5081-a82a-40bd-9e4e-42a44d6ce50f} aComponent={MachineWrap} aText={The machine is not mutable, saved or running (state is Running)}, preserve=false aResultDetail=0
00:52:19.223965          ERROR [COM]: aRC=VBOX_E_OBJECT_NOT_FOUND (0x80bb0001) aIID={5bfd8965-b81b-469f-8649-f717ce97a5d5} aComponent={NvramStoreWrap} aText={The UEFI NVRAM file is not existing for this machine}, preserve=false aResultDetail=0
00:52:19.227379          ERROR [COM]: aRC=VBOX_E_OBJECT_NOT_FOUND (0x80bb0001) aIID={5bfd8965-b81b-469f-8649-f717ce97a5d5} aComponent={NvramStoreWrap} aText={The UEFI NVRAM file is not existing for this machine}, preserve=false aResultDetail=0
00:52:19.231503          ERROR [COM]: aRC=VBOX_E_INVALID_VM_STATE (0x80bb0002) aIID={e36a5081-a82a-40bd-9e4e-42a44d6ce50f} aComponent={MachineWrap} aText={The machine is not mutable, saved or running (state is Paused)}, preserve=false aResultDetail=0
00:52:19.240171          ERROR [COM]: aRC=VBOX_E_OBJECT_NOT_FOUND (0x80bb0001) aIID={5bfd8965-b81b-469f-8649-f717ce97a5d5} aComponent={NvramStoreWrap} aText={The UEFI NVRAM file is not existing for this machine}, preserve=false aResultDetail=0
00:52:19.243596          ERROR [COM]: aRC=VBOX_E_INVALID_VM_STATE (0x80bb0002) aIID={e36a5081-a82a-40bd-9e4e-42a44d6ce50f} aComponent={MachineWrap} aText={The machine is not mutable, saved or running (state is Paused)}, preserve=false aResultDetail=0
00:52:19.257828          ERROR [COM]: aRC=VBOX_E_INVALID_VM_STATE (0x80bb0002) aIID={e36a5081-a82a-40bd-9e4e-42a44d6ce50f} aComponent={MachineWrap} aText={The machine is not mutable, saved or running (state is Paused)}, preserve=false aResultDetail=0
00:52:19.272494          ERROR [COM]: aRC=E_FAIL (0x80004005) aIID={bea3ef5c-de2f-4b74-aa3a-15d6249371a0} aComponent={RecordingSettingsWrap} aText={Recording not started}, preserve=false aResultDetail=0
00:52:22.015949          ERROR [COM]: aRC=E_FAIL (0x80004005) aIID={bea3ef5c-de2f-4b74-aa3a-15d6249371a0} aComponent={RecordingSettingsWrap} aText={Recording not started}, preserve=false aResultDetail=0
00:52:22.024318          ERROR [COM]: aRC=VBOX_E_OBJECT_NOT_FOUND (0x80bb0001) aIID={5bfd8965-b81b-469f-8649-f717ce97a5d5} aComponent={NvramStoreWrap} aText={The UEFI NVRAM file is not existing for this machine}, preserve=false aResultDetail=0
00:52:22.028725          ERROR [COM]: aRC=VBOX_E_OBJECT_NOT_FOUND (0x80bb0001) aIID={5bfd8965-b81b-469f-8649-f717ce97a5d5} aComponent={NvramStoreWrap} aText={The UEFI NVRAM file is not existing for this machine}, preserve=false aResultDetail=0
00:52:22.032806          ERROR [COM]: aRC=VBOX_E_OBJECT_NOT_FOUND (0x80bb0001) aIID={5bfd8965-b81b-469f-8649-f717ce97a5d5} aComponent={NvramStoreWrap} aText={The UEFI NVRAM file is not existing for this machine}, preserve=false aResultDetail=0
00:52:22.044140          ERROR [COM]: aRC=VBOX_E_INVALID_VM_STATE (0x80bb0002) aIID={e36a5081-a82a-40bd-9e4e-42a44d6ce50f} aComponent={MachineWrap} aText={The machine is not mutable, saved or running (state is Stopping)}, preserve=false aResultDetail=0
00:52:22.048575          ERROR [COM]: aRC=VBOX_E_INVALID_VM_STATE (0x80bb0002) aIID={e36a5081-a82a-40bd-9e4e-42a44d6ce50f} aComponent={MachineWrap} aText={The machine is not mutable, saved or running (state is Stopping)}, preserve=false aResultDetail=0
00:52:22.055182          ERROR [COM]: aRC=VBOX_E_INVALID_VM_STATE (0x80bb0002) aIID={e36a5081-a82a-40bd-9e4e-42a44d6ce50f} aComponent={MachineWrap} aText={The machine is not mutable, saved or running (state is Stopping)}, preserve=false aResultDetail=0
00:52:22.101957          Saving settings file "C:\Users\RAJAN\VirtualBox VMs\ubuntu\ubuntu.vbox" with version "1.19-windows"
00:52:22.106892          Finished saving settings file "C:\Users\RAJAN\VirtualBox VMs\ubuntu\ubuntu.vbox"
00:52:22.152749          ERROR [COM]: aRC=E_FAIL (0x80004005) aIID={bea3ef5c-de2f-4b74-aa3a-15d6249371a0} aComponent={RecordingSettingsWrap} aText={Recording not started}, preserve=false aResultDetail=0
00:52:22.166377          ERROR [COM]: aRC=VBOX_E_OBJECT_NOT_FOUND (0x80bb0001) aIID={5bfd8965-b81b-469f-8649-f717ce97a5d5} aComponent={NvramStoreWrap} aText={The UEFI NVRAM file is not existing for this machine}, preserve=false aResultDetail=0
00:52:22.175631          ERROR [COM]: aRC=VBOX_E_OBJECT_NOT_FOUND (0x80bb0001) aIID={5bfd8965-b81b-469f-8649-f717ce97a5d5} aComponent={NvramStoreWrap} aText={The UEFI NVRAM file is not existing for this machine}, preserve=false aResultDetail=0
00:52:22.180957          ERROR [COM]: aRC=E_INVALIDARG (0x80070057) aIID={e36a5081-a82a-40bd-9e4e-42a44d6ce50f} aComponent={SessionMachine} aText={Properties with TRANSIENT or TRANSRESET flag cannot be set or modified if VM is not running}, preserve=false aResultDetail=0
00:52:22.186923          ERROR [COM]: aRC=VBOX_E_INVALID_VM_STATE (0x80bb0002) aIID={e36a5081-a82a-40bd-9e4e-42a44d6ce50f} aComponent={MachineWrap} aText={The machine is not mutable, saved or running (state is PoweredOff)}, preserve=false aResultDetail=0
00:52:22.212476          ERROR [COM]: aRC=VBOX_E_INVALID_VM_STATE (0x80bb0002) aIID={e36a5081-a82a-40bd-9e4e-42a44d6ce50f} aComponent={MachineWrap} aText={The machine is not mutable, saved or running (state is PoweredOff)}, preserve=false aResultDetail=0
00:52:22.296237          ERROR [COM]: aRC=VBOX_E_OBJECT_NOT_FOUND (0x80bb0001) aIID={5bfd8965-b81b-469f-8649-f717ce97a5d5} aComponent={NvramStoreWrap} aText={The UEFI NVRAM file is not existing for this machine}, preserve=false aResultDetail=0
00:52:22.322072          ERROR [COM]: aRC=VBOX_E_INVALID_VM_STATE (0x80bb0002) aIID={e36a5081-a82a-40bd-9e4e-42a44d6ce50f} aComponent={MachineWrap} aText={The machine is not mutable, saved or running (state is PoweredOff)}, preserve=false aResultDetail=0
00:52:23.673788          ERROR [COM]: aRC=VBOX_E_OBJECT_NOT_FOUND (0x80bb0001) aIID={5bfd8965-b81b-469f-8649-f717ce97a5d5} aComponent={NvramStoreWrap} aText={The UEFI NVRAM file is not existing for this machine}, preserve=false aResultDetail=0
00:52:23.680764          ERROR [COM]: aRC=VBOX_E_OBJECT_NOT_FOUND (0x80bb0001) aIID={5bfd8965-b81b-469f-8649-f717ce97a5d5} aComponent={NvramStoreWrap} aText={The UEFI NVRAM file is not existing for this machine}, preserve=false aResultDetail=0
00:52:23.681971          ERROR [COM]: aRC=VBOX_E_OBJECT_NOT_FOUND (0x80bb0001) aIID={5bfd8965-b81b-469f-8649-f717ce97a5d5} aComponent={NvramStoreWrap} aText={The UEFI NVRAM file is not existing for this machine}, preserve=false aResultDetail=0
00:52:23.707885          ERROR [COM]: aRC=VBOX_E_INVALID_VM_STATE (0x80bb0002) aIID={e36a5081-a82a-40bd-9e4e-42a44d6ce50f} aComponent={MachineWrap} aText={The machine is not mutable, saved or running (state is PoweredOff)}, preserve=false aResultDetail=0
00:52:23.710446          ERROR [COM]: aRC=VBOX_E_INVALID_VM_STATE (0x80bb0002) aIID={e36a5081-a82a-40bd-9e4e-42a44d6ce50f} aComponent={MachineWrap} aText={The machine is not mutable, saved or running (state is PoweredOff)}, preserve=false aResultDetail=0
00:52:23.712365          ERROR [COM]: aRC=VBOX_E_INVALID_VM_STATE (0x80bb0002) aIID={e36a5081-a82a-40bd-9e4e-42a44d6ce50f} aComponent={MachineWrap} aText={The machine is not mutable, saved or running (state is PoweredOff)}, preserve=false aResultDetail=0
00:52:27.639873          Launched VM: 4109559504 pid: 16120 (0x3ef8) frontend: GUI/Qt name: ubuntu
00:52:27.690633          ERROR [COM]: aRC=VBOX_E_OBJECT_NOT_FOUND (0x80bb0001) aIID={5bfd8965-b81b-469f-8649-f717ce97a5d5} aComponent={NvramStoreWrap} aText={The UEFI NVRAM file is not existing for this machine}, preserve=false aResultDetail=0
00:52:27.691514          ERROR [COM]: aRC=VBOX_E_OBJECT_NOT_FOUND (0x80bb0001) aIID={5bfd8965-b81b-469f-8649-f717ce97a5d5} aComponent={NvramStoreWrap} aText={The UEFI NVRAM file is not existing for this machine}, preserve=false aResultDetail=0
00:52:27.702481          ERROR [COM]: aRC=VBOX_E_OBJECT_NOT_FOUND (0x80bb0001) aIID={5bfd8965-b81b-469f-8649-f717ce97a5d5} aComponent={NvramStoreWrap} aText={The UEFI NVRAM file is not existing for this machine}, preserve=false aResultDetail=0
00:52:27.717469          ERROR [COM]: aRC=VBOX_E_INVALID_VM_STATE (0x80bb0002) aIID={e36a5081-a82a-40bd-9e4e-42a44d6ce50f} aComponent={MachineWrap} aText={The machine is not mutable, saved or running (state is PoweredOff)}, preserve=false aResultDetail=0
00:52:27.720469          ERROR [COM]: aRC=VBOX_E_INVALID_VM_STATE (0x80bb0002) aIID={e36a5081-a82a-40bd-9e4e-42a44d6ce50f} aComponent={MachineWrap} aText={The machine is not mutable, saved or running (state is PoweredOff)}, preserve=false aResultDetail=0
00:52:27.728604          ERROR [COM]: aRC=VBOX_E_INVALID_VM_STATE (0x80bb0002) aIID={e36a5081-a82a-40bd-9e4e-42a44d6ce50f} aComponent={MachineWrap} aText={The machine is not mutable, saved or running (state is PoweredOff)}, preserve=false aResultDetail=0
00:52:33.098671          Platform architecture set to 'x86'
00:52:33.195518          ERROR [COM]: aRC=VBOX_E_OBJECT_NOT_FOUND (0x80bb0001) aIID={5bfd8965-b81b-469f-8649-f717ce97a5d5} aComponent={NvramStoreWrap} aText={The UEFI NVRAM file is not existing for this machine}, preserve=false aResultDetail=0
00:52:33.196075          ERROR [COM]: aRC=VBOX_E_OBJECT_NOT_FOUND (0x80bb0001) aIID={5bfd8965-b81b-469f-8649-f717ce97a5d5} aComponent={NvramStoreWrap} aText={The UEFI NVRAM file is not existing for this machine}, preserve=false aResultDetail=0
00:52:33.198139          ERROR [COM]: aRC=VBOX_E_OBJECT_NOT_FOUND (0x80bb0001) aIID={5bfd8965-b81b-469f-8649-f717ce97a5d5} aComponent={NvramStoreWrap} aText={The UEFI NVRAM file is not existing for this machine}, preserve=false aResultDetail=0
00:52:33.200144          ERROR [COM]: aRC=VBOX_E_INVALID_VM_STATE (0x80bb0002) aIID={e36a5081-a82a-40bd-9e4e-42a44d6ce50f} aComponent={MachineWrap} aText={The machine is not mutable, saved or running (state is PoweredOff)}, preserve=false aResultDetail=0
00:52:33.200685          ERROR [COM]: aRC=VBOX_E_INVALID_VM_STATE (0x80bb0002) aIID={e36a5081-a82a-40bd-9e4e-42a44d6ce50f} aComponent={MachineWrap} aText={The machine is not mutable, saved or running (state is PoweredOff)}, preserve=false aResultDetail=0
00:52:33.205867          ERROR [COM]: aRC=VBOX_E_INVALID_VM_STATE (0x80bb0002) aIID={e36a5081-a82a-40bd-9e4e-42a44d6ce50f} aComponent={MachineWrap} aText={The machine is not mutable, saved or running (state is PoweredOff)}, preserve=false aResultDetail=0
00:52:33.844961          ERROR [COM]: aRC=VBOX_E_OBJECT_NOT_FOUND (0x80bb0001) aIID={70401eef-c8e9-466b-9660-45cb3e9979e4} aComponent={ExtPackManagerWrap} aText={No extension pack by the name 'Oracle VirtualBox Extension Pack' was found}, preserve=false aResultDetail=0
00:52:33.891019          ERROR [COM]: aRC=E_FAIL (0x80004005) aIID={bea3ef5c-de2f-4b74-aa3a-15d6249371a0} aComponent={RecordingSettingsWrap} aText={Recording not started}, preserve=false aResultDetail=0
00:52:34.890354          ERROR [COM]: aRC=E_FAIL (0x80004005) aIID={bea3ef5c-de2f-4b74-aa3a-15d6249371a0} aComponent={RecordingSettingsWrap} aText={Recording not started}, preserve=false aResultDetail=0
00:52:34.898047          ERROR [COM]: aRC=VBOX_E_OBJECT_NOT_FOUND (0x80bb0001) aIID={5bfd8965-b81b-469f-8649-f717ce97a5d5} aComponent={NvramStoreWrap} aText={The UEFI NVRAM file is not existing for this machine}, preserve=false aResultDetail=0
00:52:34.899198          ERROR [COM]: aRC=VBOX_E_OBJECT_NOT_FOUND (0x80bb0001) aIID={5bfd8965-b81b-469f-8649-f717ce97a5d5} aComponent={NvramStoreWrap} aText={The UEFI NVRAM file is not existing for this machine}, preserve=false aResultDetail=0
00:52:34.901124          ERROR [COM]: aRC=VBOX_E_OBJECT_NOT_FOUND (0x80bb0001) aIID={5bfd8965-b81b-469f-8649-f717ce97a5d5} aComponent={NvramStoreWrap} aText={The UEFI NVRAM file is not existing for this machine}, preserve=false aResultDetail=0
00:52:34.929302          ERROR [COM]: aRC=VBOX_E_INVALID_VM_STATE (0x80bb0002) aIID={e36a5081-a82a-40bd-9e4e-42a44d6ce50f} aComponent={MachineWrap} aText={The machine is not mutable, saved or running (state is Starting)}, preserve=false aResultDetail=0
00:52:34.938923          ERROR [COM]: aRC=VBOX_E_INVALID_VM_STATE (0x80bb0002) aIID={e36a5081-a82a-40bd-9e4e-42a44d6ce50f} aComponent={SessionMachine} aText={The machine is not mutable or saved (state is Starting)}, preserve=false aResultDetail=0
00:52:34.939568          ERROR [COM]: aRC=VBOX_E_INVALID_VM_STATE (0x80bb0002) aIID={e36a5081-a82a-40bd-9e4e-42a44d6ce50f} aComponent={MachineWrap} aText={The machine is not mutable, saved or running (state is Starting)}, preserve=false aResultDetail=0
00:52:34.948989          ERROR [COM]: aRC=VBOX_E_INVALID_VM_STATE (0x80bb0002) aIID={e36a5081-a82a-40bd-9e4e-42a44d6ce50f} aComponent={MachineWrap} aText={The machine is not mutable, saved or running (state is Starting)}, preserve=false aResultDetail=0
00:52:35.015755          ERROR [COM]: aRC=VBOX_E_INVALID_VM_STATE (0x80bb0002) aIID={e36a5081-a82a-40bd-9e4e-42a44d6ce50f} aComponent={SessionMachine} aText={The machine is not mutable or saved (state is Starting)}, preserve=false aResultDetail=0
00:52:35.797603          ERROR [COM]: aRC=VBOX_E_OBJECT_NOT_FOUND (0x80bb0001) aIID={7d510820-a678-4730-a862-818dcd3fbed0} aComponent={MediumWrap} aText={Property 'CRYPT/KeyId' does not exist}, preserve=false aResultDetail=0
00:52:35.798316          HostDnsMonitorProxy::GetDomainName: no domain set
00:52:35.798383          HostDnsMonitorProxy::GetNameServers:
00:52:35.798389            name server 1: 192.168.159.192
00:52:35.798427          HostDnsMonitorProxy::GetSearchStrings:
00:52:35.798432            no search string entries
00:52:35.857491          ERROR [COM]: aRC=E_FAIL (0x80004005) aIID={bea3ef5c-de2f-4b74-aa3a-15d6249371a0} aComponent={RecordingSettingsWrap} aText={Recording not started}, preserve=false aResultDetail=0
00:52:35.875254          ERROR [COM]: aRC=VBOX_E_OBJECT_NOT_FOUND (0x80bb0001) aIID={5bfd8965-b81b-469f-8649-f717ce97a5d5} aComponent={NvramStoreWrap} aText={The UEFI NVRAM file is not existing for this machine}, preserve=false aResultDetail=0
00:52:35.884058          ERROR [COM]: aRC=VBOX_E_OBJECT_NOT_FOUND (0x80bb0001) aIID={5bfd8965-b81b-469f-8649-f717ce97a5d5} aComponent={NvramStoreWrap} aText={The UEFI NVRAM file is not existing for this machine}, preserve=false aResultDetail=0
00:52:35.900794          ERROR [COM]: aRC=VBOX_E_INVALID_VM_STATE (0x80bb0002) aIID={e36a5081-a82a-40bd-9e4e-42a44d6ce50f} aComponent={MachineWrap} aText={The machine is not mutable, saved or running (state is Running)}, preserve=false aResultDetail=0
00:52:35.907831          ERROR [COM]: aRC=VBOX_E_OBJECT_NOT_FOUND (0x80bb0001) aIID={5bfd8965-b81b-469f-8649-f717ce97a5d5} aComponent={NvramStoreWrap} aText={The UEFI NVRAM file is not existing for this machine}, preserve=false aResultDetail=0
00:52:35.921653          ERROR [COM]: aRC=VBOX_E_INVALID_VM_STATE (0x80bb0002) aIID={e36a5081-a82a-40bd-9e4e-42a44d6ce50f} aComponent={MachineWrap} aText={The machine is not mutable, saved or running (state is Running)}, preserve=false aResultDetail=0
00:52:35.967204          ERROR [COM]: aRC=VBOX_E_INVALID_VM_STATE (0x80bb0002) aIID={e36a5081-a82a-40bd-9e4e-42a44d6ce50f} aComponent={MachineWrap} aText={The machine is not mutable, saved or running (state is Running)}, preserve=false aResultDetail=0
00:53:17.647461          ERROR [COM]: aRC=VBOX_E_OBJECT_NOT_FOUND (0x80bb0001) aIID={5bfd8965-b81b-469f-8649-f717ce97a5d5} aComponent={NvramStoreWrap} aText={The UEFI NVRAM file is not existing for this machine}, preserve=false aResultDetail=0
00:53:17.649482          ERROR [COM]: aRC=VBOX_E_OBJECT_NOT_FOUND (0x80bb0001) aIID={5bfd8965-b81b-469f-8649-f717ce97a5d5} aComponent={NvramStoreWrap} aText={The UEFI NVRAM file is not existing for this machine}, preserve=false aResultDetail=0
00:53:17.654502          ERROR [COM]: aRC=VBOX_E_OBJECT_NOT_FOUND (0x80bb0001) aIID={5bfd8965-b81b-469f-8649-f717ce97a5d5} aComponent={NvramStoreWrap} aText={The UEFI NVRAM file is not existing for this machine}, preserve=false aResultDetail=0
00:53:17.655217          ERROR [COM]: aRC=VBOX_E_INVALID_VM_STATE (0x80bb0002) aIID={e36a5081-a82a-40bd-9e4e-42a44d6ce50f} aComponent={MachineWrap} aText={The machine is not mutable, saved or running (state is Paused)}, preserve=false aResultDetail=0
00:53:17.659860          ERROR [COM]: aRC=VBOX_E_INVALID_VM_STATE (0x80bb0002) aIID={e36a5081-a82a-40bd-9e4e-42a44d6ce50f} aComponent={MachineWrap} aText={The machine is not mutable, saved or running (state is Paused)}, preserve=false aResultDetail=0
00:53:17.666828          ERROR [COM]: aRC=VBOX_E_INVALID_VM_STATE (0x80bb0002) aIID={e36a5081-a82a-40bd-9e4e-42a44d6ce50f} aComponent={MachineWrap} aText={The machine is not mutable, saved or running (state is Paused)}, preserve=false aResultDetail=0
00:53:17.691074          ERROR [COM]: aRC=E_FAIL (0x80004005) aIID={bea3ef5c-de2f-4b74-aa3a-15d6249371a0} aComponent={RecordingSettingsWrap} aText={Recording not started}, preserve=false aResultDetail=0
00:53:19.454823          ERROR [COM]: aRC=E_FAIL (0x80004005) aIID={bea3ef5c-de2f-4b74-aa3a-15d6249371a0} aComponent={RecordingSettingsWrap} aText={Recording not started}, preserve=false aResultDetail=0
00:53:19.461442          ERROR [COM]: aRC=VBOX_E_OBJECT_NOT_FOUND (0x80bb0001) aIID={5bfd8965-b81b-469f-8649-f717ce97a5d5} aComponent={NvramStoreWrap} aText={The UEFI NVRAM file is not existing for this machine}, preserve=false aResultDetail=0
00:53:19.462721          ERROR [COM]: aRC=VBOX_E_OBJECT_NOT_FOUND (0x80bb0001) aIID={5bfd8965-b81b-469f-8649-f717ce97a5d5} aComponent={NvramStoreWrap} aText={The UEFI NVRAM file is not existing for this machine}, preserve=false aResultDetail=0
00:53:19.467065          ERROR [COM]: aRC=VBOX_E_OBJECT_NOT_FOUND (0x80bb0001) aIID={5bfd8965-b81b-469f-8649-f717ce97a5d5} aComponent={NvramStoreWrap} aText={The UEFI NVRAM file is not existing for this machine}, preserve=false aResultDetail=0
00:53:19.474936          ERROR [COM]: aRC=VBOX_E_INVALID_VM_STATE (0x80bb0002) aIID={e36a5081-a82a-40bd-9e4e-42a44d6ce50f} aComponent={MachineWrap} aText={The machine is not mutable, saved or running (state is Stopping)}, preserve=false aResultDetail=0
00:53:19.475752          ERROR [COM]: aRC=VBOX_E_INVALID_VM_STATE (0x80bb0002) aIID={e36a5081-a82a-40bd-9e4e-42a44d6ce50f} aComponent={MachineWrap} aText={The machine is not mutable, saved or running (state is Stopping)}, preserve=false aResultDetail=0
00:53:19.480778          ERROR [COM]: aRC=VBOX_E_INVALID_VM_STATE (0x80bb0002) aIID={e36a5081-a82a-40bd-9e4e-42a44d6ce50f} aComponent={MachineWrap} aText={The machine is not mutable, saved or running (state is Stopping)}, preserve=false aResultDetail=0
00:53:19.553767          Saving settings file "C:\Users\RAJAN\VirtualBox VMs\ubuntu\ubuntu.vbox" with version "1.19-windows"
00:53:19.559435          Finished saving settings file "C:\Users\RAJAN\VirtualBox VMs\ubuntu\ubuntu.vbox"
00:53:19.598093          ERROR [COM]: aRC=E_FAIL (0x80004005) aIID={bea3ef5c-de2f-4b74-aa3a-15d6249371a0} aComponent={RecordingSettingsWrap} aText={Recording not started}, preserve=false aResultDetail=0
00:53:19.609710          ERROR [COM]: aRC=VBOX_E_OBJECT_NOT_FOUND (0x80bb0001) aIID={5bfd8965-b81b-469f-8649-f717ce97a5d5} aComponent={NvramStoreWrap} aText={The UEFI NVRAM file is not existing for this machine}, preserve=false aResultDetail=0
00:53:19.611519          ERROR [COM]: aRC=VBOX_E_OBJECT_NOT_FOUND (0x80bb0001) aIID={5bfd8965-b81b-469f-8649-f717ce97a5d5} aComponent={NvramStoreWrap} aText={The UEFI NVRAM file is not existing for this machine}, preserve=false aResultDetail=0
00:53:19.623836          ERROR [COM]: aRC=VBOX_E_OBJECT_NOT_FOUND (0x80bb0001) aIID={5bfd8965-b81b-469f-8649-f717ce97a5d5} aComponent={NvramStoreWrap} aText={The UEFI NVRAM file is not existing for this machine}, preserve=false aResultDetail=0
00:53:19.626206          ERROR [COM]: aRC=E_INVALIDARG (0x80070057) aIID={e36a5081-a82a-40bd-9e4e-42a44d6ce50f} aComponent={SessionMachine} aText={Properties with TRANSIENT or TRANSRESET flag cannot be set or modified if VM is not running}, preserve=false aResultDetail=0
00:53:19.642981          ERROR [COM]: aRC=VBOX_E_INVALID_VM_STATE (0x80bb0002) aIID={e36a5081-a82a-40bd-9e4e-42a44d6ce50f} aComponent={MachineWrap} aText={The machine is not mutable, saved or running (state is PoweredOff)}, preserve=false aResultDetail=0
00:53:19.650719          ERROR [COM]: aRC=VBOX_E_INVALID_VM_STATE (0x80bb0002) aIID={e36a5081-a82a-40bd-9e4e-42a44d6ce50f} aComponent={MachineWrap} aText={The machine is not mutable, saved or running (state is PoweredOff)}, preserve=false aResultDetail=0
00:53:19.651567          ERROR [COM]: aRC=VBOX_E_INVALID_VM_STATE (0x80bb0002) aIID={e36a5081-a82a-40bd-9e4e-42a44d6ce50f} aComponent={MachineWrap} aText={The machine is not mutable, saved or running (state is PoweredOff)}, preserve=false aResultDetail=0
00:53:20.622635          ERROR [COM]: aRC=VBOX_E_OBJECT_NOT_FOUND (0x80bb0001) aIID={5bfd8965-b81b-469f-8649-f717ce97a5d5} aComponent={NvramStoreWrap} aText={The UEFI NVRAM file is not existing for this machine}, preserve=false aResultDetail=0
00:53:20.622788          ERROR [COM]: aRC=VBOX_E_OBJECT_NOT_FOUND (0x80bb0001) aIID={5bfd8965-b81b-469f-8649-f717ce97a5d5} aComponent={NvramStoreWrap} aText={The UEFI NVRAM file is not existing for this machine}, preserve=false aResultDetail=0
00:53:20.624212          ERROR [COM]: aRC=VBOX_E_OBJECT_NOT_FOUND (0x80bb0001) aIID={5bfd8965-b81b-469f-8649-f717ce97a5d5} aComponent={NvramStoreWrap} aText={The UEFI NVRAM file is not existing for this machine}, preserve=false aResultDetail=0
00:53:20.651384          ERROR [COM]: aRC=VBOX_E_INVALID_VM_STATE (0x80bb0002) aIID={e36a5081-a82a-40bd-9e4e-42a44d6ce50f} aComponent={MachineWrap} aText={The machine is not mutable, saved or running (state is PoweredOff)}, preserve=false aResultDetail=0
00:53:20.651462          ERROR [COM]: aRC=VBOX_E_INVALID_VM_STATE (0x80bb0002) aIID={e36a5081-a82a-40bd-9e4e-42a44d6ce50f} aComponent={MachineWrap} aText={The machine is not mutable, saved or running (state is PoweredOff)}, preserve=false aResultDetail=0
00:53:20.668152          ERROR [COM]: aRC=VBOX_E_INVALID_VM_STATE (0x80bb0002) aIID={e36a5081-a82a-40bd-9e4e-42a44d6ce50f} aComponent={MachineWrap} aText={The machine is not mutable, saved or running (state is PoweredOff)}, preserve=false aResultDetail=0
00:53:44.226612          Launched VM: 4111696224 pid: 9908 (0x26b4) frontend: GUI/Qt name: ubuntu
00:53:44.279891          ERROR [COM]: aRC=VBOX_E_OBJECT_NOT_FOUND (0x80bb0001) aIID={5bfd8965-b81b-469f-8649-f717ce97a5d5} aComponent={NvramStoreWrap} aText={The UEFI NVRAM file is not existing for this machine}, preserve=false aResultDetail=0
00:53:44.284955          ERROR [COM]: aRC=VBOX_E_OBJECT_NOT_FOUND (0x80bb0001) aIID={5bfd8965-b81b-469f-8649-f717ce97a5d5} aComponent={NvramStoreWrap} aText={The UEFI NVRAM file is not existing for this machine}, preserve=false aResultDetail=0
00:53:44.287998          ERROR [COM]: aRC=VBOX_E_OBJECT_NOT_FOUND (0x80bb0001) aIID={5bfd8965-b81b-469f-8649-f717ce97a5d5} aComponent={NvramStoreWrap} aText={The UEFI NVRAM file is not existing for this machine}, preserve=false aResultDetail=0
00:53:44.310529          ERROR [COM]: aRC=VBOX_E_INVALID_VM_STATE (0x80bb0002) aIID={e36a5081-a82a-40bd-9e4e-42a44d6ce50f} aComponent={MachineWrap} aText={The machine is not mutable, saved or running (state is PoweredOff)}, preserve=false aResultDetail=0
00:53:44.317603          ERROR [COM]: aRC=VBOX_E_INVALID_VM_STATE (0x80bb0002) aIID={e36a5081-a82a-40bd-9e4e-42a44d6ce50f} aComponent={MachineWrap} aText={The machine is not mutable, saved or running (state is PoweredOff)}, preserve=false aResultDetail=0
00:53:44.321449          ERROR [COM]: aRC=VBOX_E_INVALID_VM_STATE (0x80bb0002) aIID={e36a5081-a82a-40bd-9e4e-42a44d6ce50f} aComponent={MachineWrap} aText={The machine is not mutable, saved or running (state is PoweredOff)}, preserve=false aResultDetail=0
00:53:49.376928          Platform architecture set to 'x86'
00:53:49.474471          ERROR [COM]: aRC=VBOX_E_OBJECT_NOT_FOUND (0x80bb0001) aIID={5bfd8965-b81b-469f-8649-f717ce97a5d5} aComponent={NvramStoreWrap} aText={The UEFI NVRAM file is not existing for this machine}, preserve=false aResultDetail=0
00:53:49.476432          ERROR [COM]: aRC=VBOX_E_OBJECT_NOT_FOUND (0x80bb0001) aIID={5bfd8965-b81b-469f-8649-f717ce97a5d5} aComponent={NvramStoreWrap} aText={The UEFI NVRAM file is not existing for this machine}, preserve=false aResultDetail=0
00:53:49.477874          ERROR [COM]: aRC=VBOX_E_INVALID_VM_STATE (0x80bb0002) aIID={e36a5081-a82a-40bd-9e4e-42a44d6ce50f} aComponent={MachineWrap} aText={The machine is not mutable, saved or running (state is PoweredOff)}, preserve=false aResultDetail=0
00:53:49.482036          ERROR [COM]: aRC=VBOX_E_OBJECT_NOT_FOUND (0x80bb0001) aIID={5bfd8965-b81b-469f-8649-f717ce97a5d5} aComponent={NvramStoreWrap} aText={The UEFI NVRAM file is not existing for this machine}, preserve=false aResultDetail=0
00:53:49.484619          ERROR [COM]: aRC=VBOX_E_INVALID_VM_STATE (0x80bb0002) aIID={e36a5081-a82a-40bd-9e4e-42a44d6ce50f} aComponent={MachineWrap} aText={The machine is not mutable, saved or running (state is PoweredOff)}, preserve=false aResultDetail=0
00:53:49.493110          ERROR [COM]: aRC=VBOX_E_INVALID_VM_STATE (0x80bb0002) aIID={e36a5081-a82a-40bd-9e4e-42a44d6ce50f} aComponent={MachineWrap} aText={The machine is not mutable, saved or running (state is PoweredOff)}, preserve=false aResultDetail=0
00:53:50.174775          ERROR [COM]: aRC=VBOX_E_OBJECT_NOT_FOUND (0x80bb0001) aIID={70401eef-c8e9-466b-9660-45cb3e9979e4} aComponent={ExtPackManagerWrap} aText={No extension pack by the name 'Oracle VirtualBox Extension Pack' was found}, preserve=false aResultDetail=0
00:53:50.224447          ERROR [COM]: aRC=E_FAIL (0x80004005) aIID={bea3ef5c-de2f-4b74-aa3a-15d6249371a0} aComponent={RecordingSettingsWrap} aText={Recording not started}, preserve=false aResultDetail=0
00:53:51.049076          ERROR [COM]: aRC=VBOX_E_OBJECT_NOT_FOUND (0x80bb0001) aIID={5bfd8965-b81b-469f-8649-f717ce97a5d5} aComponent={NvramStoreWrap} aText={The UEFI NVRAM file is not existing for this machine}, preserve=false aResultDetail=0
00:53:51.059533          ERROR [COM]: aRC=E_FAIL (0x80004005) aIID={bea3ef5c-de2f-4b74-aa3a-15d6249371a0} aComponent={RecordingSettingsWrap} aText={Recording not started}, preserve=false aResultDetail=0
00:53:51.060376          ERROR [COM]: aRC=VBOX_E_OBJECT_NOT_FOUND (0x80bb0001) aIID={5bfd8965-b81b-469f-8649-f717ce97a5d5} aComponent={NvramStoreWrap} aText={The UEFI NVRAM file is not existing for this machine}, preserve=false aResultDetail=0
00:53:51.064448          ERROR [COM]: aRC=VBOX_E_OBJECT_NOT_FOUND (0x80bb0001) aIID={5bfd8965-b81b-469f-8649-f717ce97a5d5} aComponent={NvramStoreWrap} aText={The UEFI NVRAM file is not existing for this machine}, preserve=false aResultDetail=0
00:53:51.068091          ERROR [COM]: aRC=VBOX_E_INVALID_VM_STATE (0x80bb0002) aIID={e36a5081-a82a-40bd-9e4e-42a44d6ce50f} aComponent={MachineWrap} aText={The machine is not mutable, saved or running (state is Starting)}, preserve=false aResultDetail=0
00:53:51.089719          ERROR [COM]: aRC=VBOX_E_INVALID_VM_STATE (0x80bb0002) aIID={e36a5081-a82a-40bd-9e4e-42a44d6ce50f} aComponent={MachineWrap} aText={The machine is not mutable, saved or running (state is Starting)}, preserve=false aResultDetail=0
00:53:51.093190          ERROR [COM]: aRC=VBOX_E_INVALID_VM_STATE (0x80bb0002) aIID={e36a5081-a82a-40bd-9e4e-42a44d6ce50f} aComponent={SessionMachine} aText={The machine is not mutable or saved (state is Starting)}, preserve=false aResultDetail=0
00:53:51.094655          ERROR [COM]: aRC=VBOX_E_INVALID_VM_STATE (0x80bb0002) aIID={e36a5081-a82a-40bd-9e4e-42a44d6ce50f} aComponent={MachineWrap} aText={The machine is not mutable, saved or running (state is Starting)}, preserve=false aResultDetail=0
00:53:51.183893          ERROR [COM]: aRC=VBOX_E_INVALID_VM_STATE (0x80bb0002) aIID={e36a5081-a82a-40bd-9e4e-42a44d6ce50f} aComponent={SessionMachine} aText={The machine is not mutable or saved (state is Starting)}, preserve=false aResultDetail=0
00:53:51.982538          ERROR [COM]: aRC=VBOX_E_OBJECT_NOT_FOUND (0x80bb0001) aIID={7d510820-a678-4730-a862-818dcd3fbed0} aComponent={MediumWrap} aText={Property 'CRYPT/KeyId' does not exist}, preserve=false aResultDetail=0
00:53:51.984243          HostDnsMonitorProxy::GetDomainName: no domain set
00:53:51.984339          HostDnsMonitorProxy::GetNameServers:
00:53:51.984345            name server 1: 192.168.159.192
00:53:51.984388          HostDnsMonitorProxy::GetSearchStrings:
00:53:51.984393            no search string entries
00:53:52.056747          ERROR [COM]: aRC=E_FAIL (0x80004005) aIID={bea3ef5c-de2f-4b74-aa3a-15d6249371a0} aComponent={RecordingSettingsWrap} aText={Recording not started}, preserve=false aResultDetail=0
00:53:52.075809          ERROR [COM]: aRC=VBOX_E_OBJECT_NOT_FOUND (0x80bb0001) aIID={5bfd8965-b81b-469f-8649-f717ce97a5d5} aComponent={NvramStoreWrap} aText={The UEFI NVRAM file is not existing for this machine}, preserve=false aResultDetail=0
00:53:52.084070          ERROR [COM]: aRC=VBOX_E_OBJECT_NOT_FOUND (0x80bb0001) aIID={5bfd8965-b81b-469f-8649-f717ce97a5d5} aComponent={NvramStoreWrap} aText={The UEFI NVRAM file is not existing for this machine}, preserve=false aResultDetail=0
00:53:52.117498          ERROR [COM]: aRC=VBOX_E_INVALID_VM_STATE (0x80bb0002) aIID={e36a5081-a82a-40bd-9e4e-42a44d6ce50f} aComponent={MachineWrap} aText={The machine is not mutable, saved or running (state is Running)}, preserve=false aResultDetail=0
00:53:52.122104          ERROR [COM]: aRC=VBOX_E_OBJECT_NOT_FOUND (0x80bb0001) aIID={5bfd8965-b81b-469f-8649-f717ce97a5d5} aComponent={NvramStoreWrap} aText={The UEFI NVRAM file is not existing for this machine}, preserve=false aResultDetail=0
00:53:52.150273          ERROR [COM]: aRC=VBOX_E_INVALID_VM_STATE (0x80bb0002) aIID={e36a5081-a82a-40bd-9e4e-42a44d6ce50f} aComponent={MachineWrap} aText={The machine is not mutable, saved or running (state is Running)}, preserve=false aResultDetail=0
00:53:52.212334          ERROR [COM]: aRC=VBOX_E_INVALID_VM_STATE (0x80bb0002) aIID={e36a5081-a82a-40bd-9e4e-42a44d6ce50f} aComponent={MachineWrap} aText={The machine is not mutable, saved or running (state is Running)}, preserve=false aResultDetail=0
00:57:50.851535          ERROR [COM]: aRC=VBOX_E_OBJECT_NOT_FOUND (0x80bb0001) aIID={5bfd8965-b81b-469f-8649-f717ce97a5d5} aComponent={NvramStoreWrap} aText={The UEFI NVRAM file is not existing for this machine}, preserve=false aResultDetail=0
00:57:50.858048          ERROR [COM]: aRC=VBOX_E_OBJECT_NOT_FOUND (0x80bb0001) aIID={5bfd8965-b81b-469f-8649-f717ce97a5d5} aComponent={NvramStoreWrap} aText={The UEFI NVRAM file is not existing for this machine}, preserve=false aResultDetail=0
00:57:50.858238          ERROR [COM]: aRC=VBOX_E_OBJECT_NOT_FOUND (0x80bb0001) aIID={5bfd8965-b81b-469f-8649-f717ce97a5d5} aComponent={NvramStoreWrap} aText={The UEFI NVRAM file is not existing for this machine}, preserve=false aResultDetail=0
00:57:50.858583          ERROR [COM]: aRC=VBOX_E_INVALID_VM_STATE (0x80bb0002) aIID={e36a5081-a82a-40bd-9e4e-42a44d6ce50f} aComponent={MachineWrap} aText={The machine is not mutable, saved or running (state is Paused)}, preserve=false aResultDetail=0
00:57:50.874211          ERROR [COM]: aRC=VBOX_E_INVALID_VM_STATE (0x80bb0002) aIID={e36a5081-a82a-40bd-9e4e-42a44d6ce50f} aComponent={MachineWrap} aText={The machine is not mutable, saved or running (state is Paused)}, preserve=false aResultDetail=0
00:57:50.875241          ERROR [COM]: aRC=VBOX_E_INVALID_VM_STATE (0x80bb0002) aIID={e36a5081-a82a-40bd-9e4e-42a44d6ce50f} aComponent={MachineWrap} aText={The machine is not mutable, saved or running (state is Paused)}, preserve=false aResultDetail=0
00:57:50.895985          ERROR [COM]: aRC=E_FAIL (0x80004005) aIID={bea3ef5c-de2f-4b74-aa3a-15d6249371a0} aComponent={RecordingSettingsWrap} aText={Recording not started}, preserve=false aResultDetail=0
00:57:50.951554 dns-monitor HostDnsMonitor: updating information
00:57:50.951607 dns-monitor HostDnsMonitor: unchanged
00:57:56.820751          Saving settings file "C:\Users\RAJAN\VirtualBox VMs\ubuntu\ubuntu.vbox" with version "1.19-windows"
00:57:56.824242          Finished saving settings file "C:\Users\RAJAN\VirtualBox VMs\ubuntu\ubuntu.vbox"
00:57:56.852060          ERROR [COM]: aRC=VBOX_E_OBJECT_NOT_FOUND (0x80bb0001) aIID={5bfd8965-b81b-469f-8649-f717ce97a5d5} aComponent={NvramStoreWrap} aText={The UEFI NVRAM file is not existing for this machine}, preserve=false aResultDetail=0
00:57:56.852236          ERROR [COM]: aRC=VBOX_E_OBJECT_NOT_FOUND (0x80bb0001) aIID={5bfd8965-b81b-469f-8649-f717ce97a5d5} aComponent={NvramStoreWrap} aText={The UEFI NVRAM file is not existing for this machine}, preserve=false aResultDetail=0
00:57:56.852328          ERROR [COM]: aRC=VBOX_E_OBJECT_NOT_FOUND (0x80bb0001) aIID={5bfd8965-b81b-469f-8649-f717ce97a5d5} aComponent={NvramStoreWrap} aText={The UEFI NVRAM file is not existing for this machine}, preserve=false aResultDetail=0
00:57:56.863038          ERROR [COM]: aRC=VBOX_E_INVALID_VM_STATE (0x80bb0002) aIID={e36a5081-a82a-40bd-9e4e-42a44d6ce50f} aComponent={MachineWrap} aText={The machine is not mutable, saved or running (state is Paused)}, preserve=false aResultDetail=0
00:57:56.869308          ERROR [COM]: aRC=VBOX_E_INVALID_VM_STATE (0x80bb0002) aIID={e36a5081-a82a-40bd-9e4e-42a44d6ce50f} aComponent={MachineWrap} aText={The machine is not mutable, saved or running (state is Saving)}, preserve=false aResultDetail=0
00:57:56.916903          ERROR [COM]: aRC=E_FAIL (0x80004005) aIID={bea3ef5c-de2f-4b74-aa3a-15d6249371a0} aComponent={RecordingSettingsWrap} aText={Recording not started}, preserve=false aResultDetail=0
00:57:56.928841          ERROR [COM]: aRC=VBOX_E_OBJECT_NOT_FOUND (0x80bb0001) aIID={5bfd8965-b81b-469f-8649-f717ce97a5d5} aComponent={NvramStoreWrap} aText={The UEFI NVRAM file is not existing for this machine}, preserve=false aResultDetail=0
00:57:56.933358          ERROR [COM]: aRC=VBOX_E_OBJECT_NOT_FOUND (0x80bb0001) aIID={5bfd8965-b81b-469f-8649-f717ce97a5d5} aComponent={NvramStoreWrap} aText={The UEFI NVRAM file is not existing for this machine}, preserve=false aResultDetail=0
00:57:56.934972          ERROR [COM]: aRC=VBOX_E_OBJECT_NOT_FOUND (0x80bb0001) aIID={5bfd8965-b81b-469f-8649-f717ce97a5d5} aComponent={NvramStoreWrap} aText={The UEFI NVRAM file is not existing for this machine}, preserve=false aResultDetail=0
00:57:56.946147          ERROR [COM]: aRC=VBOX_E_INVALID_VM_STATE (0x80bb0002) aIID={e36a5081-a82a-40bd-9e4e-42a44d6ce50f} aComponent={MachineWrap} aText={The machine is not mutable, saved or running (state is Saving)}, preserve=false aResultDetail=0
00:57:56.952379          ERROR [COM]: aRC=VBOX_E_INVALID_VM_STATE (0x80bb0002) aIID={e36a5081-a82a-40bd-9e4e-42a44d6ce50f} aComponent={MachineWrap} aText={The machine is not mutable, saved or running (state is Saving)}, preserve=false aResultDetail=0
00:57:56.954602          ERROR [COM]: aRC=VBOX_E_INVALID_VM_STATE (0x80bb0002) aIID={e36a5081-a82a-40bd-9e4e-42a44d6ce50f} aComponent={MachineWrap} aText={The machine is not mutable, saved or running (state is Saving)}, preserve=false aResultDetail=0
00:58:00.337764          Saving settings file "C:\Users\RAJAN\VirtualBox VMs\ubuntu\ubuntu.vbox" with version "1.19-windows"
00:58:00.343789          Finished saving settings file "C:\Users\RAJAN\VirtualBox VMs\ubuntu\ubuntu.vbox"
00:58:00.404842          ERROR [COM]: aRC=VBOX_E_IPRT_ERROR (0x80bb0005) aIID={e36a5081-a82a-40bd-9e4e-42a44d6ce50f} aComponent={MachineWrap} aText={Saved screenshot thumbnail data is not available (VERR_NOT_SUPPORTED)}, preserve=false aResultDetail=-37
00:58:00.421727          ERROR [COM]: aRC=VBOX_E_IPRT_ERROR (0x80bb0005) aIID={e36a5081-a82a-40bd-9e4e-42a44d6ce50f} aComponent={MachineWrap} aText={Saved screenshot thumbnail data is not available (VERR_NOT_SUPPORTED)}, preserve=false aResultDetail=-37
00:58:00.542612          ERROR [COM]: aRC=VBOX_E_OBJECT_NOT_FOUND (0x80bb0001) aIID={5bfd8965-b81b-469f-8649-f717ce97a5d5} aComponent={NvramStoreWrap} aText={The UEFI NVRAM file is not existing for this machine}, preserve=false aResultDetail=0
00:58:00.543774          ERROR [COM]: aRC=VBOX_E_OBJECT_NOT_FOUND (0x80bb0001) aIID={5bfd8965-b81b-469f-8649-f717ce97a5d5} aComponent={NvramStoreWrap} aText={The UEFI NVRAM file is not existing for this machine}, preserve=false aResultDetail=0
00:58:00.580936          ERROR [COM]: aRC=VBOX_E_IPRT_ERROR (0x80bb0005) aIID={e36a5081-a82a-40bd-9e4e-42a44d6ce50f} aComponent={MachineWrap} aText={Saved screenshot thumbnail data is not available (VERR_NOT_SUPPORTED)}, preserve=false aResultDetail=-37
00:58:00.595491          ERROR [COM]: aRC=VBOX_E_OBJECT_NOT_FOUND (0x80bb0001) aIID={5bfd8965-b81b-469f-8649-f717ce97a5d5} aComponent={NvramStoreWrap} aText={The UEFI NVRAM file is not existing for this machine}, preserve=false aResultDetail=0
00:58:00.595714          ERROR [COM]: aRC=VBOX_E_INVALID_VM_STATE (0x80bb0002) aIID={e36a5081-a82a-40bd-9e4e-42a44d6ce50f} aComponent={MachineWrap} aText={The machine is not mutable, saved or running (state is Saved)}, preserve=false aResultDetail=0
00:58:00.625636          ERROR [COM]: aRC=VBOX_E_INVALID_VM_STATE (0x80bb0002) aIID={e36a5081-a82a-40bd-9e4e-42a44d6ce50f} aComponent={MachineWrap} aText={The machine is not mutable, saved or running (state is Saved)}, preserve=false aResultDetail=0
00:58:00.627151          ERROR [COM]: aRC=VBOX_E_IPRT_ERROR (0x80bb0005) aIID={e36a5081-a82a-40bd-9e4e-42a44d6ce50f} aComponent={MachineWrap} aText={Saved screenshot thumbnail data is not available (VERR_NOT_SUPPORTED)}, preserve=false aResultDetail=-37
00:58:00.718264          ERROR [COM]: aRC=VBOX_E_INVALID_VM_STATE (0x80bb0002) aIID={e36a5081-a82a-40bd-9e4e-42a44d6ce50f} aComponent={MachineWrap} aText={The machine is not mutable, saved or running (state is Saved)}, preserve=false aResultDetail=0
00:58:00.855917 SaveState Saving settings file "C:\Users\RAJAN\VirtualBox VMs\ubuntu\ubuntu.vbox" with version "1.19-windows"
00:58:00.859968 SaveState Finished saving settings file "C:\Users\RAJAN\VirtualBox VMs\ubuntu\ubuntu.vbox"
00:58:00.878068          ERROR [COM]: aRC=VBOX_E_OBJECT_NOT_FOUND (0x80bb0001) aIID={5bfd8965-b81b-469f-8649-f717ce97a5d5} aComponent={NvramStoreWrap} aText={The UEFI NVRAM file is not existing for this machine}, preserve=false aResultDetail=0
00:58:00.878557          ERROR [COM]: aRC=VBOX_E_OBJECT_NOT_FOUND (0x80bb0001) aIID={5bfd8965-b81b-469f-8649-f717ce97a5d5} aComponent={NvramStoreWrap} aText={The UEFI NVRAM file is not existing for this machine}, preserve=false aResultDetail=0
00:58:00.878834          ERROR [COM]: aRC=VBOX_E_OBJECT_NOT_FOUND (0x80bb0001) aIID={5bfd8965-b81b-469f-8649-f717ce97a5d5} aComponent={NvramStoreWrap} aText={The UEFI NVRAM file is not existing for this machine}, preserve=false aResultDetail=0
00:58:00.887323          ERROR [COM]: aRC=E_FAIL (0x80004005) aIID={bea3ef5c-de2f-4b74-aa3a-15d6249371a0} aComponent={RecordingSettingsWrap} aText={Recording not started}, preserve=false aResultDetail=0
00:58:00.887895          ERROR [COM]: aRC=VBOX_E_INVALID_VM_STATE (0x80bb0002) aIID={e36a5081-a82a-40bd-9e4e-42a44d6ce50f} aComponent={MachineWrap} aText={The machine is not mutable, saved or running (state is Saved)}, preserve=false aResultDetail=0
00:58:00.901996          ERROR [COM]: aRC=VBOX_E_INVALID_VM_STATE (0x80bb0002) aIID={e36a5081-a82a-40bd-9e4e-42a44d6ce50f} aComponent={MachineWrap} aText={The machine is not mutable, saved or running (state is Saved)}, preserve=false aResultDetail=0
00:58:00.902125          ERROR [COM]: aRC=VBOX_E_INVALID_VM_STATE (0x80bb0002) aIID={e36a5081-a82a-40bd-9e4e-42a44d6ce50f} aComponent={MachineWrap} aText={The machine is not mutable, saved or running (state is Saved)}, preserve=false aResultDetail=0
00:58:00.916689          ERROR [COM]: aRC=E_INVALIDARG (0x80070057) aIID={e36a5081-a82a-40bd-9e4e-42a44d6ce50f} aComponent={SessionMachine} aText={Properties with TRANSIENT or TRANSRESET flag cannot be set or modified if VM is not running}, preserve=false aResultDetail=0
00:58:01.857681          ERROR [COM]: aRC=VBOX_E_OBJECT_NOT_FOUND (0x80bb0001) aIID={5bfd8965-b81b-469f-8649-f717ce97a5d5} aComponent={NvramStoreWrap} aText={The UEFI NVRAM file is not existing for this machine}, preserve=false aResultDetail=0
00:58:01.858187          ERROR [COM]: aRC=VBOX_E_OBJECT_NOT_FOUND (0x80bb0001) aIID={5bfd8965-b81b-469f-8649-f717ce97a5d5} aComponent={NvramStoreWrap} aText={The UEFI NVRAM file is not existing for this machine}, preserve=false aResultDetail=0
00:58:01.859010          ERROR [COM]: aRC=VBOX_E_OBJECT_NOT_FOUND (0x80bb0001) aIID={5bfd8965-b81b-469f-8649-f717ce97a5d5} aComponent={NvramStoreWrap} aText={The UEFI NVRAM file is not existing for this machine}, preserve=false aResultDetail=0
00:58:01.861965          ERROR [COM]: aRC=VBOX_E_INVALID_VM_STATE (0x80bb0002) aIID={e36a5081-a82a-40bd-9e4e-42a44d6ce50f} aComponent={MachineWrap} aText={The machine is not mutable, saved or running (state is Saved)}, preserve=false aResultDetail=0
00:58:01.866500          ERROR [COM]: aRC=VBOX_E_INVALID_VM_STATE (0x80bb0002) aIID={e36a5081-a82a-40bd-9e4e-42a44d6ce50f} aComponent={MachineWrap} aText={The machine is not mutable, saved or running (state is Saved)}, preserve=false aResultDetail=0
00:58:01.868320          ERROR [COM]: aRC=VBOX_E_INVALID_VM_STATE (0x80bb0002) aIID={e36a5081-a82a-40bd-9e4e-42a44d6ce50f} aComponent={MachineWrap} aText={The machine is not mutable, saved or running (state is Saved)}, preserve=false aResultDetail=0
00:58:08.368120          Launched VM: 4109559504 pid: 996 (0x3e4) frontend: GUI/Qt name: ubuntu
00:58:08.382762          ERROR [COM]: aRC=VBOX_E_OBJECT_NOT_FOUND (0x80bb0001) aIID={5bfd8965-b81b-469f-8649-f717ce97a5d5} aComponent={NvramStoreWrap} aText={The UEFI NVRAM file is not existing for this machine}, preserve=false aResultDetail=0
00:58:08.382895          ERROR [COM]: aRC=VBOX_E_OBJECT_NOT_FOUND (0x80bb0001) aIID={5bfd8965-b81b-469f-8649-f717ce97a5d5} aComponent={NvramStoreWrap} aText={The UEFI NVRAM file is not existing for this machine}, preserve=false aResultDetail=0
00:58:08.388191          ERROR [COM]: aRC=VBOX_E_INVALID_VM_STATE (0x80bb0002) aIID={e36a5081-a82a-40bd-9e4e-42a44d6ce50f} aComponent={MachineWrap} aText={The machine is not mutable, saved or running (state is Saved)}, preserve=false aResultDetail=0
00:58:08.390259          ERROR [COM]: aRC=VBOX_E_OBJECT_NOT_FOUND (0x80bb0001) aIID={5bfd8965-b81b-469f-8649-f717ce97a5d5} aComponent={NvramStoreWrap} aText={The UEFI NVRAM file is not existing for this machine}, preserve=false aResultDetail=0
00:58:08.393406          ERROR [COM]: aRC=VBOX_E_INVALID_VM_STATE (0x80bb0002) aIID={e36a5081-a82a-40bd-9e4e-42a44d6ce50f} aComponent={MachineWrap} aText={The machine is not mutable, saved or running (state is Saved)}, preserve=false aResultDetail=0
00:58:08.401147          ERROR [COM]: aRC=VBOX_E_INVALID_VM_STATE (0x80bb0002) aIID={e36a5081-a82a-40bd-9e4e-42a44d6ce50f} aComponent={MachineWrap} aText={The machine is not mutable, saved or running (state is Saved)}, preserve=false aResultDetail=0
00:58:14.052149          Platform architecture set to 'x86'
00:58:14.177275          ERROR [COM]: aRC=VBOX_E_OBJECT_NOT_FOUND (0x80bb0001) aIID={5bfd8965-b81b-469f-8649-f717ce97a5d5} aComponent={NvramStoreWrap} aText={The UEFI NVRAM file is not existing for this machine}, preserve=false aResultDetail=0
00:58:14.178063          ERROR [COM]: aRC=VBOX_E_OBJECT_NOT_FOUND (0x80bb0001) aIID={5bfd8965-b81b-469f-8649-f717ce97a5d5} aComponent={NvramStoreWrap} aText={The UEFI NVRAM file is not existing for this machine}, preserve=false aResultDetail=0
00:58:14.182345          ERROR [COM]: aRC=VBOX_E_OBJECT_NOT_FOUND (0x80bb0001) aIID={5bfd8965-b81b-469f-8649-f717ce97a5d5} aComponent={NvramStoreWrap} aText={The UEFI NVRAM file is not existing for this machine}, preserve=false aResultDetail=0
00:58:14.184097          ERROR [COM]: aRC=VBOX_E_INVALID_VM_STATE (0x80bb0002) aIID={e36a5081-a82a-40bd-9e4e-42a44d6ce50f} aComponent={MachineWrap} aText={The machine is not mutable, saved or running (state is Saved)}, preserve=false aResultDetail=0
00:58:14.187814          ERROR [COM]: aRC=VBOX_E_INVALID_VM_STATE (0x80bb0002) aIID={e36a5081-a82a-40bd-9e4e-42a44d6ce50f} aComponent={MachineWrap} aText={The machine is not mutable, saved or running (state is Saved)}, preserve=false aResultDetail=0
00:58:14.195381          ERROR [COM]: aRC=VBOX_E_INVALID_VM_STATE (0x80bb0002) aIID={e36a5081-a82a-40bd-9e4e-42a44d6ce50f} aComponent={MachineWrap} aText={The machine is not mutable, saved or running (state is Saved)}, preserve=false aResultDetail=0
00:58:14.832461          ERROR [COM]: aRC=VBOX_E_OBJECT_NOT_FOUND (0x80bb0001) aIID={70401eef-c8e9-466b-9660-45cb3e9979e4} aComponent={ExtPackManagerWrap} aText={No extension pack by the name 'Oracle VirtualBox Extension Pack' was found}, preserve=false aResultDetail=0
00:58:14.882270          ERROR [COM]: aRC=E_FAIL (0x80004005) aIID={bea3ef5c-de2f-4b74-aa3a-15d6249371a0} aComponent={RecordingSettingsWrap} aText={Recording not started}, preserve=false aResultDetail=0
00:58:15.788490          ERROR [COM]: aRC=VBOX_E_OBJECT_NOT_FOUND (0x80bb0001) aIID={5bfd8965-b81b-469f-8649-f717ce97a5d5} aComponent={NvramStoreWrap} aText={The UEFI NVRAM file is not existing for this machine}, preserve=false aResultDetail=0
00:58:15.791566          ERROR [COM]: aRC=VBOX_E_OBJECT_NOT_FOUND (0x80bb0001) aIID={5bfd8965-b81b-469f-8649-f717ce97a5d5} aComponent={NvramStoreWrap} aText={The UEFI NVRAM file is not existing for this machine}, preserve=false aResultDetail=0
00:58:15.797121          ERROR [COM]: aRC=VBOX_E_OBJECT_NOT_FOUND (0x80bb0001) aIID={5bfd8965-b81b-469f-8649-f717ce97a5d5} aComponent={NvramStoreWrap} aText={The UEFI NVRAM file is not existing for this machine}, preserve=false aResultDetail=0
00:58:15.800204          ERROR [COM]: aRC=E_FAIL (0x80004005) aIID={bea3ef5c-de2f-4b74-aa3a-15d6249371a0} aComponent={RecordingSettingsWrap} aText={Recording not started}, preserve=false aResultDetail=0
00:58:15.824380          ERROR [COM]: aRC=VBOX_E_INVALID_VM_STATE (0x80bb0002) aIID={e36a5081-a82a-40bd-9e4e-42a44d6ce50f} aComponent={MachineWrap} aText={The machine is not mutable, saved or running (state is Restoring)}, preserve=false aResultDetail=0
00:58:15.842282          ERROR [COM]: aRC=VBOX_E_INVALID_VM_STATE (0x80bb0002) aIID={e36a5081-a82a-40bd-9e4e-42a44d6ce50f} aComponent={MachineWrap} aText={The machine is not mutable, saved or running (state is Restoring)}, preserve=false aResultDetail=0
00:58:15.845845          ERROR [COM]: aRC=VBOX_E_INVALID_VM_STATE (0x80bb0002) aIID={e36a5081-a82a-40bd-9e4e-42a44d6ce50f} aComponent={MachineWrap} aText={The machine is not mutable, saved or running (state is Restoring)}, preserve=false aResultDetail=0
00:58:15.848924          ERROR [COM]: aRC=VBOX_E_INVALID_VM_STATE (0x80bb0002) aIID={e36a5081-a82a-40bd-9e4e-42a44d6ce50f} aComponent={SessionMachine} aText={The machine is not mutable or saved (state is Restoring)}, preserve=false aResultDetail=0
00:58:16.798156          ERROR [COM]: aRC=VBOX_E_OBJECT_NOT_FOUND (0x80bb0001) aIID={7d510820-a678-4730-a862-818dcd3fbed0} aComponent={MediumWrap} aText={Property 'CRYPT/KeyId' does not exist}, preserve=false aResultDetail=0
00:58:16.799116          HostDnsMonitorProxy::GetDomainName: no domain set
00:58:16.799199          HostDnsMonitorProxy::GetNameServers:
00:58:16.799205            name server 1: 192.168.159.192
00:58:16.799245          HostDnsMonitorProxy::GetSearchStrings:
00:58:16.799250            no search string entries
00:58:20.105197          Saving settings file "C:\Users\RAJAN\VirtualBox VMs\ubuntu\ubuntu.vbox" with version "1.19-windows"
00:58:20.111298          Finished saving settings file "C:\Users\RAJAN\VirtualBox VMs\ubuntu\ubuntu.vbox"
00:58:20.194868          ERROR [COM]: aRC=VBOX_E_OBJECT_NOT_FOUND (0x80bb0001) aIID={5bfd8965-b81b-469f-8649-f717ce97a5d5} aComponent={NvramStoreWrap} aText={The UEFI NVRAM file is not existing for this machine}, preserve=false aResultDetail=0
00:58:20.201666          ERROR [COM]: aRC=VBOX_E_OBJECT_NOT_FOUND (0x80bb0001) aIID={5bfd8965-b81b-469f-8649-f717ce97a5d5} aComponent={NvramStoreWrap} aText={The UEFI NVRAM file is not existing for this machine}, preserve=false aResultDetail=0
00:58:20.216616          ERROR [COM]: aRC=VBOX_E_OBJECT_NOT_FOUND (0x80bb0001) aIID={5bfd8965-b81b-469f-8649-f717ce97a5d5} aComponent={NvramStoreWrap} aText={The UEFI NVRAM file is not existing for this machine}, preserve=false aResultDetail=0
00:58:20.231078          ERROR [COM]: aRC=VBOX_E_INVALID_VM_STATE (0x80bb0002) aIID={e36a5081-a82a-40bd-9e4e-42a44d6ce50f} aComponent={MachineWrap} aText={The machine is not mutable, saved or running (state is Running)}, preserve=false aResultDetail=0
00:58:20.245348          ERROR [COM]: aRC=VBOX_E_INVALID_VM_STATE (0x80bb0002) aIID={e36a5081-a82a-40bd-9e4e-42a44d6ce50f} aComponent={MachineWrap} aText={The machine is not mutable, saved or running (state is Running)}, preserve=false aResultDetail=0
00:58:20.248767          ERROR [COM]: aRC=VBOX_E_INVALID_VM_STATE (0x80bb0002) aIID={e36a5081-a82a-40bd-9e4e-42a44d6ce50f} aComponent={MachineWrap} aText={The machine is not mutable, saved or running (state is Running)}, preserve=false aResultDetail=0
00:58:20.363672          ERROR [COM]: aRC=E_FAIL (0x80004005) aIID={bea3ef5c-de2f-4b74-aa3a-15d6249371a0} aComponent={RecordingSettingsWrap} aText={Recording not started}, preserve=false aResultDetail=0
00:58:38.007586          ERROR [COM]: aRC=VBOX_E_OBJECT_NOT_FOUND (0x80bb0001) aIID={5bfd8965-b81b-469f-8649-f717ce97a5d5} aComponent={NvramStoreWrap} aText={The UEFI NVRAM file is not existing for this machine}, preserve=false aResultDetail=0
00:58:38.008202          ERROR [COM]: aRC=VBOX_E_OBJECT_NOT_FOUND (0x80bb0001) aIID={5bfd8965-b81b-469f-8649-f717ce97a5d5} aComponent={NvramStoreWrap} aText={The UEFI NVRAM file is not existing for this machine}, preserve=false aResultDetail=0
00:58:38.009645          ERROR [COM]: aRC=VBOX_E_OBJECT_NOT_FOUND (0x80bb0001) aIID={5bfd8965-b81b-469f-8649-f717ce97a5d5} aComponent={NvramStoreWrap} aText={The UEFI NVRAM file is not existing for this machine}, preserve=false aResultDetail=0
00:58:38.011716          ERROR [COM]: aRC=VBOX_E_INVALID_VM_STATE (0x80bb0002) aIID={e36a5081-a82a-40bd-9e4e-42a44d6ce50f} aComponent={MachineWrap} aText={The machine is not mutable, saved or running (state is Paused)}, preserve=false aResultDetail=0
00:58:38.018450          ERROR [COM]: aRC=VBOX_E_INVALID_VM_STATE (0x80bb0002) aIID={e36a5081-a82a-40bd-9e4e-42a44d6ce50f} aComponent={MachineWrap} aText={The machine is not mutable, saved or running (state is Paused)}, preserve=false aResultDetail=0
00:58:38.021722          ERROR [COM]: aRC=VBOX_E_INVALID_VM_STATE (0x80bb0002) aIID={e36a5081-a82a-40bd-9e4e-42a44d6ce50f} aComponent={MachineWrap} aText={The machine is not mutable, saved or running (state is Paused)}, preserve=false aResultDetail=0
00:58:38.163647          ERROR [COM]: aRC=E_FAIL (0x80004005) aIID={bea3ef5c-de2f-4b74-aa3a-15d6249371a0} aComponent={RecordingSettingsWrap} aText={Recording not started}, preserve=false aResultDetail=0
00:58:41.799175          Saving settings file "C:\Users\RAJAN\VirtualBox VMs\ubuntu\ubuntu.vbox" with version "1.19-windows"
00:58:41.802739          Finished saving settings file "C:\Users\RAJAN\VirtualBox VMs\ubuntu\ubuntu.vbox"
00:58:41.831296          ERROR [COM]: aRC=VBOX_E_OBJECT_NOT_FOUND (0x80bb0001) aIID={5bfd8965-b81b-469f-8649-f717ce97a5d5} aComponent={NvramStoreWrap} aText={The UEFI NVRAM file is not existing for this machine}, preserve=false aResultDetail=0
00:58:41.833443          ERROR [COM]: aRC=VBOX_E_OBJECT_NOT_FOUND (0x80bb0001) aIID={5bfd8965-b81b-469f-8649-f717ce97a5d5} aComponent={NvramStoreWrap} aText={The UEFI NVRAM file is not existing for this machine}, preserve=false aResultDetail=0
00:58:41.833610          ERROR [COM]: aRC=VBOX_E_OBJECT_NOT_FOUND (0x80bb0001) aIID={5bfd8965-b81b-469f-8649-f717ce97a5d5} aComponent={NvramStoreWrap} aText={The UEFI NVRAM file is not existing for this machine}, preserve=false aResultDetail=0
00:58:41.838157          ERROR [COM]: aRC=VBOX_E_INVALID_VM_STATE (0x80bb0002) aIID={e36a5081-a82a-40bd-9e4e-42a44d6ce50f} aComponent={MachineWrap} aText={The machine is not mutable, saved or running (state is Paused)}, preserve=false aResultDetail=0
00:58:41.850088          ERROR [COM]: aRC=VBOX_E_INVALID_VM_STATE (0x80bb0002) aIID={e36a5081-a82a-40bd-9e4e-42a44d6ce50f} aComponent={MachineWrap} aText={The machine is not mutable, saved or running (state is Paused)}, preserve=false aResultDetail=0
00:58:41.851254          ERROR [COM]: aRC=VBOX_E_INVALID_VM_STATE (0x80bb0002) aIID={e36a5081-a82a-40bd-9e4e-42a44d6ce50f} aComponent={MachineWrap} aText={The machine is not mutable, saved or running (state is Paused)}, preserve=false aResultDetail=0
00:58:41.921257          ERROR [COM]: aRC=E_FAIL (0x80004005) aIID={bea3ef5c-de2f-4b74-aa3a-15d6249371a0} aComponent={RecordingSettingsWrap} aText={Recording not started}, preserve=false aResultDetail=0
00:58:41.922441          ERROR [COM]: aRC=VBOX_E_OBJECT_NOT_FOUND (0x80bb0001) aIID={5bfd8965-b81b-469f-8649-f717ce97a5d5} aComponent={NvramStoreWrap} aText={The UEFI NVRAM file is not existing for this machine}, preserve=false aResultDetail=0
00:58:41.933996          ERROR [COM]: aRC=VBOX_E_OBJECT_NOT_FOUND (0x80bb0001) aIID={5bfd8965-b81b-469f-8649-f717ce97a5d5} aComponent={NvramStoreWrap} aText={The UEFI NVRAM file is not existing for this machine}, preserve=false aResultDetail=0
00:58:41.935789          ERROR [COM]: aRC=VBOX_E_OBJECT_NOT_FOUND (0x80bb0001) aIID={5bfd8965-b81b-469f-8649-f717ce97a5d5} aComponent={NvramStoreWrap} aText={The UEFI NVRAM file is not existing for this machine}, preserve=false aResultDetail=0
00:58:41.951246          ERROR [COM]: aRC=VBOX_E_INVALID_VM_STATE (0x80bb0002) aIID={e36a5081-a82a-40bd-9e4e-42a44d6ce50f} aComponent={MachineWrap} aText={The machine is not mutable, saved or running (state is Stopping)}, preserve=false aResultDetail=0
00:58:41.956937          ERROR [COM]: aRC=VBOX_E_INVALID_VM_STATE (0x80bb0002) aIID={e36a5081-a82a-40bd-9e4e-42a44d6ce50f} aComponent={MachineWrap} aText={The machine is not mutable, saved or running (state is Stopping)}, preserve=false aResultDetail=0
00:58:41.957150          ERROR [COM]: aRC=VBOX_E_INVALID_VM_STATE (0x80bb0002) aIID={e36a5081-a82a-40bd-9e4e-42a44d6ce50f} aComponent={MachineWrap} aText={The machine is not mutable, saved or running (state is Stopping)}, preserve=false aResultDetail=0
00:58:42.067851          Saving settings file "C:\Users\RAJAN\VirtualBox VMs\ubuntu\ubuntu.vbox" with version "1.19-windows"
00:58:42.071503          Finished saving settings file "C:\Users\RAJAN\VirtualBox VMs\ubuntu\ubuntu.vbox"
00:58:42.117211          ERROR [COM]: aRC=E_FAIL (0x80004005) aIID={bea3ef5c-de2f-4b74-aa3a-15d6249371a0} aComponent={RecordingSettingsWrap} aText={Recording not started}, preserve=false aResultDetail=0
00:58:42.138996          ERROR [COM]: aRC=VBOX_E_OBJECT_NOT_FOUND (0x80bb0001) aIID={5bfd8965-b81b-469f-8649-f717ce97a5d5} aComponent={NvramStoreWrap} aText={The UEFI NVRAM file is not existing for this machine}, preserve=false aResultDetail=0
00:58:42.139182          ERROR [COM]: aRC=VBOX_E_OBJECT_NOT_FOUND (0x80bb0001) aIID={5bfd8965-b81b-469f-8649-f717ce97a5d5} aComponent={NvramStoreWrap} aText={The UEFI NVRAM file is not existing for this machine}, preserve=false aResultDetail=0
00:58:42.144242          ERROR [COM]: aRC=VBOX_E_OBJECT_NOT_FOUND (0x80bb0001) aIID={5bfd8965-b81b-469f-8649-f717ce97a5d5} aComponent={NvramStoreWrap} aText={The UEFI NVRAM file is not existing for this machine}, preserve=false aResultDetail=0
00:58:42.160620          ERROR [COM]: aRC=VBOX_E_INVALID_VM_STATE (0x80bb0002) aIID={e36a5081-a82a-40bd-9e4e-42a44d6ce50f} aComponent={MachineWrap} aText={The machine is not mutable, saved or running (state is PoweredOff)}, preserve=false aResultDetail=0
00:58:42.161963          ERROR [COM]: aRC=VBOX_E_INVALID_VM_STATE (0x80bb0002) aIID={e36a5081-a82a-40bd-9e4e-42a44d6ce50f} aComponent={MachineWrap} aText={The machine is not mutable, saved or running (state is PoweredOff)}, preserve=false aResultDetail=0
00:58:42.164655          ERROR [COM]: aRC=VBOX_E_INVALID_VM_STATE (0x80bb0002) aIID={e36a5081-a82a-40bd-9e4e-42a44d6ce50f} aComponent={MachineWrap} aText={The machine is not mutable, saved or running (state is PoweredOff)}, preserve=false aResultDetail=0
00:58:42.165767          ERROR [COM]: aRC=E_INVALIDARG (0x80070057) aIID={e36a5081-a82a-40bd-9e4e-42a44d6ce50f} aComponent={SessionMachine} aText={Properties with TRANSIENT or TRANSRESET flag cannot be set or modified if VM is not running}, preserve=false aResultDetail=0
00:58:42.392978 dns-monitor HostDnsMonitor: updating information
00:58:42.393015 dns-monitor HostDnsMonitor: unchanged
00:58:43.642714          ERROR [COM]: aRC=VBOX_E_OBJECT_NOT_FOUND (0x80bb0001) aIID={5bfd8965-b81b-469f-8649-f717ce97a5d5} aComponent={NvramStoreWrap} aText={The UEFI NVRAM file is not existing for this machine}, preserve=false aResultDetail=0
00:58:43.645794          ERROR [COM]: aRC=VBOX_E_OBJECT_NOT_FOUND (0x80bb0001) aIID={5bfd8965-b81b-469f-8649-f717ce97a5d5} aComponent={NvramStoreWrap} aText={The UEFI NVRAM file is not existing for this machine}, preserve=false aResultDetail=0
00:58:43.649372          ERROR [COM]: aRC=VBOX_E_OBJECT_NOT_FOUND (0x80bb0001) aIID={5bfd8965-b81b-469f-8649-f717ce97a5d5} aComponent={NvramStoreWrap} aText={The UEFI NVRAM file is not existing for this machine}, preserve=false aResultDetail=0
00:58:43.670784          ERROR [COM]: aRC=VBOX_E_INVALID_VM_STATE (0x80bb0002) aIID={e36a5081-a82a-40bd-9e4e-42a44d6ce50f} aComponent={MachineWrap} aText={The machine is not mutable, saved or running (state is PoweredOff)}, preserve=false aResultDetail=0
00:58:43.678115          ERROR [COM]: aRC=VBOX_E_INVALID_VM_STATE (0x80bb0002) aIID={e36a5081-a82a-40bd-9e4e-42a44d6ce50f} aComponent={MachineWrap} aText={The machine is not mutable, saved or running (state is PoweredOff)}, preserve=false aResultDetail=0
00:58:43.684715          ERROR [COM]: aRC=VBOX_E_INVALID_VM_STATE (0x80bb0002) aIID={e36a5081-a82a-40bd-9e4e-42a44d6ce50f} aComponent={MachineWrap} aText={The machine is not mutable, saved or running (state is PoweredOff)}, preserve=false aResultDetail=0
00:58:48.861696          Saving settings file "C:\Users\RAJAN\.VirtualBox\VirtualBox.xml" with version "1.12-windows"
00:58:48.866674          Finished saving settings file "C:\Users\RAJAN\.VirtualBox\VirtualBox.xml"
00:58:48.867064          Saving settings file "C:\Users\RAJAN\.VirtualBox\VirtualBox.xml" with version "1.12-windows"
00:58:48.870257          Finished saving settings file "C:\Users\RAJAN\.VirtualBox\VirtualBox.xml"
00:58:48.870597          Saving settings file "C:\Users\RAJAN\.VirtualBox\VirtualBox.xml" with version "1.12-windows"
00:58:48.874468          Finished saving settings file "C:\Users\RAJAN\.VirtualBox\VirtualBox.xml"
00:58:49.909923          ERROR [COM]: aRC=VBOX_E_OBJECT_NOT_FOUND (0x80bb0001) aIID={5bfd8965-b81b-469f-8649-f717ce97a5d5} aComponent={NvramStoreWrap} aText={The UEFI NVRAM file is not existing for this machine}, preserve=false aResultDetail=0
00:58:50.059433          ERROR [COM]: aRC=VBOX_E_INVALID_VM_STATE (0x80bb0002) aIID={e36a5081-a82a-40bd-9e4e-42a44d6ce50f} aComponent={MachineWrap} aText={The machine is not mutable, saved or running (state is PoweredOff)}, preserve=false aResultDetail=0
00:59:09.386274          Launched VM: 4111658704 pid: 5372 (0x14fc) frontend: GUI/Qt name: ubuntu
00:59:09.455072          ERROR [COM]: aRC=VBOX_E_OBJECT_NOT_FOUND (0x80bb0001) aIID={5bfd8965-b81b-469f-8649-f717ce97a5d5} aComponent={NvramStoreWrap} aText={The UEFI NVRAM file is not existing for this machine}, preserve=false aResultDetail=0
00:59:09.455318          ERROR [COM]: aRC=VBOX_E_OBJECT_NOT_FOUND (0x80bb0001) aIID={5bfd8965-b81b-469f-8649-f717ce97a5d5} aComponent={NvramStoreWrap} aText={The UEFI NVRAM file is not existing for this machine}, preserve=false aResultDetail=0
00:59:09.456710          ERROR [COM]: aRC=VBOX_E_OBJECT_NOT_FOUND (0x80bb0001) aIID={5bfd8965-b81b-469f-8649-f717ce97a5d5} aComponent={NvramStoreWrap} aText={The UEFI NVRAM file is not existing for this machine}, preserve=false aResultDetail=0
00:59:09.458954          ERROR [COM]: aRC=VBOX_E_OBJECT_NOT_FOUND (0x80bb0001) aIID={5bfd8965-b81b-469f-8649-f717ce97a5d5} aComponent={NvramStoreWrap} aText={The UEFI NVRAM file is not existing for this machine}, preserve=false aResultDetail=0
00:59:09.488665          ERROR [COM]: aRC=VBOX_E_INVALID_VM_STATE (0x80bb0002) aIID={e36a5081-a82a-40bd-9e4e-42a44d6ce50f} aComponent={MachineWrap} aText={The machine is not mutable, saved or running (state is PoweredOff)}, preserve=false aResultDetail=0
00:59:09.491647          ERROR [COM]: aRC=VBOX_E_INVALID_VM_STATE (0x80bb0002) aIID={e36a5081-a82a-40bd-9e4e-42a44d6ce50f} aComponent={MachineWrap} aText={The machine is not mutable, saved or running (state is PoweredOff)}, preserve=false aResultDetail=0
00:59:09.492102          ERROR [COM]: aRC=VBOX_E_INVALID_VM_STATE (0x80bb0002) aIID={e36a5081-a82a-40bd-9e4e-42a44d6ce50f} aComponent={MachineWrap} aText={The machine is not mutable, saved or running (state is PoweredOff)}, preserve=false aResultDetail=0
00:59:09.494252          ERROR [COM]: aRC=VBOX_E_INVALID_VM_STATE (0x80bb0002) aIID={e36a5081-a82a-40bd-9e4e-42a44d6ce50f} aComponent={MachineWrap} aText={The machine is not mutable, saved or running (state is PoweredOff)}, preserve=false aResultDetail=0
00:59:15.317966          Platform architecture set to 'x86'
00:59:15.444969          ERROR [COM]: aRC=VBOX_E_OBJECT_NOT_FOUND (0x80bb0001) aIID={5bfd8965-b81b-469f-8649-f717ce97a5d5} aComponent={NvramStoreWrap} aText={The UEFI NVRAM file is not existing for this machine}, preserve=false aResultDetail=0
00:59:15.451414          ERROR [COM]: aRC=VBOX_E_OBJECT_NOT_FOUND (0x80bb0001) aIID={5bfd8965-b81b-469f-8649-f717ce97a5d5} aComponent={NvramStoreWrap} aText={The UEFI NVRAM file is not existing for this machine}, preserve=false aResultDetail=0
00:59:15.451624          ERROR [COM]: aRC=VBOX_E_OBJECT_NOT_FOUND (0x80bb0001) aIID={5bfd8965-b81b-469f-8649-f717ce97a5d5} aComponent={NvramStoreWrap} aText={The UEFI NVRAM file is not existing for this machine}, preserve=false aResultDetail=0
00:59:15.452473          ERROR [COM]: aRC=VBOX_E_OBJECT_NOT_FOUND (0x80bb0001) aIID={5bfd8965-b81b-469f-8649-f717ce97a5d5} aComponent={NvramStoreWrap} aText={The UEFI NVRAM file is not existing for this machine}, preserve=false aResultDetail=0
00:59:15.452555          ERROR [COM]: aRC=VBOX_E_INVALID_VM_STATE (0x80bb0002) aIID={e36a5081-a82a-40bd-9e4e-42a44d6ce50f} aComponent={MachineWrap} aText={The machine is not mutable, saved or running (state is PoweredOff)}, preserve=false aResultDetail=0
00:59:15.459286          ERROR [COM]: aRC=VBOX_E_INVALID_VM_STATE (0x80bb0002) aIID={e36a5081-a82a-40bd-9e4e-42a44d6ce50f} aComponent={MachineWrap} aText={The machine is not mutable, saved or running (state is PoweredOff)}, preserve=false aResultDetail=0
00:59:15.459710          ERROR [COM]: aRC=VBOX_E_INVALID_VM_STATE (0x80bb0002) aIID={e36a5081-a82a-40bd-9e4e-42a44d6ce50f} aComponent={MachineWrap} aText={The machine is not mutable, saved or running (state is PoweredOff)}, preserve=false aResultDetail=0
00:59:15.460516          ERROR [COM]: aRC=VBOX_E_INVALID_VM_STATE (0x80bb0002) aIID={e36a5081-a82a-40bd-9e4e-42a44d6ce50f} aComponent={MachineWrap} aText={The machine is not mutable, saved or running (state is PoweredOff)}, preserve=false aResultDetail=0
00:59:16.176752          ERROR [COM]: aRC=VBOX_E_OBJECT_NOT_FOUND (0x80bb0001) aIID={70401eef-c8e9-466b-9660-45cb3e9979e4} aComponent={ExtPackManagerWrap} aText={No extension pack by the name 'Oracle VirtualBox Extension Pack' was found}, preserve=false aResultDetail=0
00:59:16.230185          ERROR [COM]: aRC=E_FAIL (0x80004005) aIID={bea3ef5c-de2f-4b74-aa3a-15d6249371a0} aComponent={RecordingSettingsWrap} aText={Recording not started}, preserve=false aResultDetail=0
00:59:17.186913          ERROR [COM]: aRC=VBOX_E_OBJECT_NOT_FOUND (0x80bb0001) aIID={5bfd8965-b81b-469f-8649-f717ce97a5d5} aComponent={NvramStoreWrap} aText={The UEFI NVRAM file is not existing for this machine}, preserve=false aResultDetail=0
00:59:17.193758          ERROR [COM]: aRC=VBOX_E_OBJECT_NOT_FOUND (0x80bb0001) aIID={5bfd8965-b81b-469f-8649-f717ce97a5d5} aComponent={NvramStoreWrap} aText={The UEFI NVRAM file is not existing for this machine}, preserve=false aResultDetail=0
00:59:17.197881          ERROR [COM]: aRC=VBOX_E_OBJECT_NOT_FOUND (0x80bb0001) aIID={5bfd8965-b81b-469f-8649-f717ce97a5d5} aComponent={NvramStoreWrap} aText={The UEFI NVRAM file is not existing for this machine}, preserve=false aResultDetail=0
00:59:17.201648          ERROR [COM]: aRC=VBOX_E_OBJECT_NOT_FOUND (0x80bb0001) aIID={5bfd8965-b81b-469f-8649-f717ce97a5d5} aComponent={NvramStoreWrap} aText={The UEFI NVRAM file is not existing for this machine}, preserve=false aResultDetail=0
00:59:17.210379          ERROR [COM]: aRC=E_FAIL (0x80004005) aIID={bea3ef5c-de2f-4b74-aa3a-15d6249371a0} aComponent={RecordingSettingsWrap} aText={Recording not started}, preserve=false aResultDetail=0
00:59:17.213851          ERROR [COM]: aRC=VBOX_E_INVALID_VM_STATE (0x80bb0002) aIID={e36a5081-a82a-40bd-9e4e-42a44d6ce50f} aComponent={MachineWrap} aText={The machine is not mutable, saved or running (state is Starting)}, preserve=false aResultDetail=0
00:59:17.220655          ERROR [COM]: aRC=VBOX_E_INVALID_VM_STATE (0x80bb0002) aIID={e36a5081-a82a-40bd-9e4e-42a44d6ce50f} aComponent={MachineWrap} aText={The machine is not mutable, saved or running (state is Starting)}, preserve=false aResultDetail=0
00:59:17.229655          ERROR [COM]: aRC=VBOX_E_INVALID_VM_STATE (0x80bb0002) aIID={e36a5081-a82a-40bd-9e4e-42a44d6ce50f} aComponent={MachineWrap} aText={The machine is not mutable, saved or running (state is Starting)}, preserve=false aResultDetail=0
00:59:17.230774          ERROR [COM]: aRC=VBOX_E_INVALID_VM_STATE (0x80bb0002) aIID={e36a5081-a82a-40bd-9e4e-42a44d6ce50f} aComponent={MachineWrap} aText={The machine is not mutable, saved or running (state is Starting)}, preserve=false aResultDetail=0
00:59:17.249726          ERROR [COM]: aRC=VBOX_E_INVALID_VM_STATE (0x80bb0002) aIID={e36a5081-a82a-40bd-9e4e-42a44d6ce50f} aComponent={SessionMachine} aText={The machine is not mutable or saved (state is Starting)}, preserve=false aResultDetail=0
00:59:17.344411          ERROR [COM]: aRC=VBOX_E_INVALID_VM_STATE (0x80bb0002) aIID={e36a5081-a82a-40bd-9e4e-42a44d6ce50f} aComponent={SessionMachine} aText={The machine is not mutable or saved (state is Starting)}, preserve=false aResultDetail=0
00:59:18.253945          ERROR [COM]: aRC=VBOX_E_OBJECT_NOT_FOUND (0x80bb0001) aIID={7d510820-a678-4730-a862-818dcd3fbed0} aComponent={MediumWrap} aText={Property 'CRYPT/KeyId' does not exist}, preserve=false aResultDetail=0
00:59:18.255427          HostDnsMonitorProxy::GetDomainName: no domain set
00:59:18.255943          HostDnsMonitorProxy::GetNameServers:
00:59:18.255986            name server 1: 192.168.159.192
00:59:18.256082          HostDnsMonitorProxy::GetSearchStrings:
00:59:18.256096            no search string entries
00:59:18.396495          ERROR [COM]: aRC=E_FAIL (0x80004005) aIID={bea3ef5c-de2f-4b74-aa3a-15d6249371a0} aComponent={RecordingSettingsWrap} aText={Recording not started}, preserve=false aResultDetail=0
00:59:18.401119          ERROR [COM]: aRC=VBOX_E_OBJECT_NOT_FOUND (0x80bb0001) aIID={5bfd8965-b81b-469f-8649-f717ce97a5d5} aComponent={NvramStoreWrap} aText={The UEFI NVRAM file is not existing for this machine}, preserve=false aResultDetail=0
00:59:18.405935          ERROR [COM]: aRC=VBOX_E_OBJECT_NOT_FOUND (0x80bb0001) aIID={5bfd8965-b81b-469f-8649-f717ce97a5d5} aComponent={NvramStoreWrap} aText={The UEFI NVRAM file is not existing for this machine}, preserve=false aResultDetail=0
00:59:18.419319          ERROR [COM]: aRC=VBOX_E_OBJECT_NOT_FOUND (0x80bb0001) aIID={5bfd8965-b81b-469f-8649-f717ce97a5d5} aComponent={NvramStoreWrap} aText={The UEFI NVRAM file is not existing for this machine}, preserve=false aResultDetail=0
00:59:18.422979          ERROR [COM]: aRC=VBOX_E_OBJECT_NOT_FOUND (0x80bb0001) aIID={5bfd8965-b81b-469f-8649-f717ce97a5d5} aComponent={NvramStoreWrap} aText={The UEFI NVRAM file is not existing for this machine}, preserve=false aResultDetail=0
00:59:18.427824          ERROR [COM]: aRC=VBOX_E_INVALID_VM_STATE (0x80bb0002) aIID={e36a5081-a82a-40bd-9e4e-42a44d6ce50f} aComponent={MachineWrap} aText={The machine is not mutable, saved or running (state is Running)}, preserve=false aResultDetail=0
00:59:18.463901          ERROR [COM]: aRC=VBOX_E_INVALID_VM_STATE (0x80bb0002) aIID={e36a5081-a82a-40bd-9e4e-42a44d6ce50f} aComponent={MachineWrap} aText={The machine is not mutable, saved or running (state is Running)}, preserve=false aResultDetail=0
00:59:18.502363          ERROR [COM]: aRC=VBOX_E_INVALID_VM_STATE (0x80bb0002) aIID={e36a5081-a82a-40bd-9e4e-42a44d6ce50f} aComponent={MachineWrap} aText={The machine is not mutable, saved or running (state is Running)}, preserve=false aResultDetail=0
00:59:18.505832          ERROR [COM]: aRC=VBOX_E_INVALID_VM_STATE (0x80bb0002) aIID={e36a5081-a82a-40bd-9e4e-42a44d6ce50f} aComponent={MachineWrap} aText={The machine is not mutable, saved or running (state is Running)}, preserve=false aResultDetail=0
00:59:39.565415          ERROR [COM]: aRC=VBOX_E_OBJECT_NOT_FOUND (0x80bb0001) aIID={5bfd8965-b81b-469f-8649-f717ce97a5d5} aComponent={NvramStoreWrap} aText={The UEFI NVRAM file is not existing for this machine}, preserve=false aResultDetail=0
00:59:39.571728          ERROR [COM]: aRC=VBOX_E_OBJECT_NOT_FOUND (0x80bb0001) aIID={5bfd8965-b81b-469f-8649-f717ce97a5d5} aComponent={NvramStoreWrap} aText={The UEFI NVRAM file is not existing for this machine}, preserve=false aResultDetail=0
00:59:39.574647          ERROR [COM]: aRC=VBOX_E_OBJECT_NOT_FOUND (0x80bb0001) aIID={5bfd8965-b81b-469f-8649-f717ce97a5d5} aComponent={NvramStoreWrap} aText={The UEFI NVRAM file is not existing for this machine}, preserve=false aResultDetail=0
00:59:39.576421          ERROR [COM]: aRC=VBOX_E_OBJECT_NOT_FOUND (0x80bb0001) aIID={5bfd8965-b81b-469f-8649-f717ce97a5d5} aComponent={NvramStoreWrap} aText={The UEFI NVRAM file is not existing for this machine}, preserve=false aResultDetail=0
00:59:39.580891          ERROR [COM]: aRC=VBOX_E_INVALID_VM_STATE (0x80bb0002) aIID={e36a5081-a82a-40bd-9e4e-42a44d6ce50f} aComponent={MachineWrap} aText={The machine is not mutable, saved or running (state is Paused)}, preserve=false aResultDetail=0
00:59:39.587650          ERROR [COM]: aRC=VBOX_E_INVALID_VM_STATE (0x80bb0002) aIID={e36a5081-a82a-40bd-9e4e-42a44d6ce50f} aComponent={MachineWrap} aText={The machine is not mutable, saved or running (state is Paused)}, preserve=false aResultDetail=0
00:59:39.597038          ERROR [COM]: aRC=VBOX_E_INVALID_VM_STATE (0x80bb0002) aIID={e36a5081-a82a-40bd-9e4e-42a44d6ce50f} aComponent={MachineWrap} aText={The machine is not mutable, saved or running (state is Paused)}, preserve=false aResultDetail=0
00:59:39.598000          ERROR [COM]: aRC=VBOX_E_INVALID_VM_STATE (0x80bb0002) aIID={e36a5081-a82a-40bd-9e4e-42a44d6ce50f} aComponent={MachineWrap} aText={The machine is not mutable, saved or running (state is Paused)}, preserve=false aResultDetail=0
00:59:39.629850          ERROR [COM]: aRC=E_FAIL (0x80004005) aIID={bea3ef5c-de2f-4b74-aa3a-15d6249371a0} aComponent={RecordingSettingsWrap} aText={Recording not started}, preserve=false aResultDetail=0
00:59:41.733359          ERROR [COM]: aRC=E_FAIL (0x80004005) aIID={bea3ef5c-de2f-4b74-aa3a-15d6249371a0} aComponent={RecordingSettingsWrap} aText={Recording not started}, preserve=false aResultDetail=0
00:59:41.747180          ERROR [COM]: aRC=VBOX_E_OBJECT_NOT_FOUND (0x80bb0001) aIID={5bfd8965-b81b-469f-8649-f717ce97a5d5} aComponent={NvramStoreWrap} aText={The UEFI NVRAM file is not existing for this machine}, preserve=false aResultDetail=0
00:59:41.752715          ERROR [COM]: aRC=VBOX_E_OBJECT_NOT_FOUND (0x80bb0001) aIID={5bfd8965-b81b-469f-8649-f717ce97a5d5} aComponent={NvramStoreWrap} aText={The UEFI NVRAM file is not existing for this machine}, preserve=false aResultDetail=0
00:59:41.752931          ERROR [COM]: aRC=VBOX_E_OBJECT_NOT_FOUND (0x80bb0001) aIID={5bfd8965-b81b-469f-8649-f717ce97a5d5} aComponent={NvramStoreWrap} aText={The UEFI NVRAM file is not existing for this machine}, preserve=false aResultDetail=0
00:59:41.753776          ERROR [COM]: aRC=VBOX_E_OBJECT_NOT_FOUND (0x80bb0001) aIID={5bfd8965-b81b-469f-8649-f717ce97a5d5} aComponent={NvramStoreWrap} aText={The UEFI NVRAM file is not existing for this machine}, preserve=false aResultDetail=0
00:59:41.772783          ERROR [COM]: aRC=VBOX_E_INVALID_VM_STATE (0x80bb0002) aIID={e36a5081-a82a-40bd-9e4e-42a44d6ce50f} aComponent={MachineWrap} aText={The machine is not mutable, saved or running (state is Stopping)}, preserve=false aResultDetail=0
00:59:41.775571          ERROR [COM]: aRC=VBOX_E_INVALID_VM_STATE (0x80bb0002) aIID={e36a5081-a82a-40bd-9e4e-42a44d6ce50f} aComponent={MachineWrap} aText={The machine is not mutable, saved or running (state is Stopping)}, preserve=false aResultDetail=0
00:59:41.777119          ERROR [COM]: aRC=VBOX_E_INVALID_VM_STATE (0x80bb0002) aIID={e36a5081-a82a-40bd-9e4e-42a44d6ce50f} aComponent={MachineWrap} aText={The machine is not mutable, saved or running (state is Stopping)}, preserve=false aResultDetail=0
00:59:41.779192          ERROR [COM]: aRC=VBOX_E_INVALID_VM_STATE (0x80bb0002) aIID={e36a5081-a82a-40bd-9e4e-42a44d6ce50f} aComponent={MachineWrap} aText={The machine is not mutable, saved or running (state is Stopping)}, preserve=false aResultDetail=0
00:59:41.828169          Saving settings file "C:\Users\RAJAN\VirtualBox VMs\ubuntu\ubuntu.vbox" with version "1.19-windows"
00:59:41.832964          Finished saving settings file "C:\Users\RAJAN\VirtualBox VMs\ubuntu\ubuntu.vbox"
00:59:41.889504          ERROR [COM]: aRC=VBOX_E_OBJECT_NOT_FOUND (0x80bb0001) aIID={5bfd8965-b81b-469f-8649-f717ce97a5d5} aComponent={NvramStoreWrap} aText={The UEFI NVRAM file is not existing for this machine}, preserve=false aResultDetail=0
00:59:41.895430          ERROR [COM]: aRC=E_FAIL (0x80004005) aIID={bea3ef5c-de2f-4b74-aa3a-15d6249371a0} aComponent={RecordingSettingsWrap} aText={Recording not started}, preserve=false aResultDetail=0
00:59:41.898108          ERROR [COM]: aRC=VBOX_E_OBJECT_NOT_FOUND (0x80bb0001) aIID={5bfd8965-b81b-469f-8649-f717ce97a5d5} aComponent={NvramStoreWrap} aText={The UEFI NVRAM file is not existing for this machine}, preserve=false aResultDetail=0
00:59:41.910809          ERROR [COM]: aRC=VBOX_E_INVALID_VM_STATE (0x80bb0002) aIID={e36a5081-a82a-40bd-9e4e-42a44d6ce50f} aComponent={MachineWrap} aText={The machine is not mutable, saved or running (state is PoweredOff)}, preserve=false aResultDetail=0
00:59:41.911751          ERROR [COM]: aRC=VBOX_E_OBJECT_NOT_FOUND (0x80bb0001) aIID={5bfd8965-b81b-469f-8649-f717ce97a5d5} aComponent={NvramStoreWrap} aText={The UEFI NVRAM file is not existing for this machine}, preserve=false aResultDetail=0
00:59:41.916413          ERROR [COM]: aRC=VBOX_E_OBJECT_NOT_FOUND (0x80bb0001) aIID={5bfd8965-b81b-469f-8649-f717ce97a5d5} aComponent={NvramStoreWrap} aText={The UEFI NVRAM file is not existing for this machine}, preserve=false aResultDetail=0
00:59:41.937794          ERROR [COM]: aRC=E_INVALIDARG (0x80070057) aIID={e36a5081-a82a-40bd-9e4e-42a44d6ce50f} aComponent={SessionMachine} aText={Properties with TRANSIENT or TRANSRESET flag cannot be set or modified if VM is not running}, preserve=false aResultDetail=0
00:59:41.943169          ERROR [COM]: aRC=VBOX_E_INVALID_VM_STATE (0x80bb0002) aIID={e36a5081-a82a-40bd-9e4e-42a44d6ce50f} aComponent={MachineWrap} aText={The machine is not mutable, saved or running (state is PoweredOff)}, preserve=false aResultDetail=0
00:59:41.943268          ERROR [COM]: aRC=VBOX_E_INVALID_VM_STATE (0x80bb0002) aIID={e36a5081-a82a-40bd-9e4e-42a44d6ce50f} aComponent={MachineWrap} aText={The machine is not mutable, saved or running (state is PoweredOff)}, preserve=false aResultDetail=0
00:59:41.944308          ERROR [COM]: aRC=VBOX_E_INVALID_VM_STATE (0x80bb0002) aIID={e36a5081-a82a-40bd-9e4e-42a44d6ce50f} aComponent={MachineWrap} aText={The machine is not mutable, saved or running (state is PoweredOff)}, preserve=false aResultDetail=0
00:59:42.903636          ERROR [COM]: aRC=VBOX_E_OBJECT_NOT_FOUND (0x80bb0001) aIID={5bfd8965-b81b-469f-8649-f717ce97a5d5} aComponent={NvramStoreWrap} aText={The UEFI NVRAM file is not existing for this machine}, preserve=false aResultDetail=0
00:59:42.905230          ERROR [COM]: aRC=VBOX_E_OBJECT_NOT_FOUND (0x80bb0001) aIID={5bfd8965-b81b-469f-8649-f717ce97a5d5} aComponent={NvramStoreWrap} aText={The UEFI NVRAM file is not existing for this machine}, preserve=false aResultDetail=0
00:59:42.909693          ERROR [COM]: aRC=VBOX_E_OBJECT_NOT_FOUND (0x80bb0001) aIID={5bfd8965-b81b-469f-8649-f717ce97a5d5} aComponent={NvramStoreWrap} aText={The UEFI NVRAM file is not existing for this machine}, preserve=false aResultDetail=0
00:59:42.920761          ERROR [COM]: aRC=VBOX_E_OBJECT_NOT_FOUND (0x80bb0001) aIID={5bfd8965-b81b-469f-8649-f717ce97a5d5} aComponent={NvramStoreWrap} aText={The UEFI NVRAM file is not existing for this machine}, preserve=false aResultDetail=0
00:59:42.938419          ERROR [COM]: aRC=VBOX_E_INVALID_VM_STATE (0x80bb0002) aIID={e36a5081-a82a-40bd-9e4e-42a44d6ce50f} aComponent={MachineWrap} aText={The machine is not mutable, saved or running (state is PoweredOff)}, preserve=false aResultDetail=0
00:59:42.939580          ERROR [COM]: aRC=VBOX_E_INVALID_VM_STATE (0x80bb0002) aIID={e36a5081-a82a-40bd-9e4e-42a44d6ce50f} aComponent={MachineWrap} aText={The machine is not mutable, saved or running (state is PoweredOff)}, preserve=false aResultDetail=0
00:59:42.948457          ERROR [COM]: aRC=VBOX_E_INVALID_VM_STATE (0x80bb0002) aIID={e36a5081-a82a-40bd-9e4e-42a44d6ce50f} aComponent={MachineWrap} aText={The machine is not mutable, saved or running (state is PoweredOff)}, preserve=false aResultDetail=0
00:59:42.964574          ERROR [COM]: aRC=VBOX_E_INVALID_VM_STATE (0x80bb0002) aIID={e36a5081-a82a-40bd-9e4e-42a44d6ce50f} aComponent={MachineWrap} aText={The machine is not mutable, saved or running (state is PoweredOff)}, preserve=false aResultDetail=0
00:59:57.852230          Launched VM: 4075290368 pid: 18320 (0x4790) frontend: GUI/Qt name: ubuntu
00:59:57.920092          ERROR [COM]: aRC=VBOX_E_OBJECT_NOT_FOUND (0x80bb0001) aIID={5bfd8965-b81b-469f-8649-f717ce97a5d5} aComponent={NvramStoreWrap} aText={The UEFI NVRAM file is not existing for this machine}, preserve=false aResultDetail=0
00:59:57.923226          ERROR [COM]: aRC=VBOX_E_OBJECT_NOT_FOUND (0x80bb0001) aIID={5bfd8965-b81b-469f-8649-f717ce97a5d5} aComponent={NvramStoreWrap} aText={The UEFI NVRAM file is not existing for this machine}, preserve=false aResultDetail=0
00:59:57.923836          ERROR [COM]: aRC=VBOX_E_OBJECT_NOT_FOUND (0x80bb0001) aIID={5bfd8965-b81b-469f-8649-f717ce97a5d5} aComponent={NvramStoreWrap} aText={The UEFI NVRAM file is not existing for this machine}, preserve=false aResultDetail=0
00:59:57.926229          ERROR [COM]: aRC=VBOX_E_OBJECT_NOT_FOUND (0x80bb0001) aIID={5bfd8965-b81b-469f-8649-f717ce97a5d5} aComponent={NvramStoreWrap} aText={The UEFI NVRAM file is not existing for this machine}, preserve=false aResultDetail=0
00:59:57.954121          ERROR [COM]: aRC=VBOX_E_INVALID_VM_STATE (0x80bb0002) aIID={e36a5081-a82a-40bd-9e4e-42a44d6ce50f} aComponent={MachineWrap} aText={The machine is not mutable, saved or running (state is PoweredOff)}, preserve=false aResultDetail=0
00:59:57.956553          ERROR [COM]: aRC=VBOX_E_INVALID_VM_STATE (0x80bb0002) aIID={e36a5081-a82a-40bd-9e4e-42a44d6ce50f} aComponent={MachineWrap} aText={The machine is not mutable, saved or running (state is PoweredOff)}, preserve=false aResultDetail=0
00:59:57.958136          ERROR [COM]: aRC=VBOX_E_INVALID_VM_STATE (0x80bb0002) aIID={e36a5081-a82a-40bd-9e4e-42a44d6ce50f} aComponent={MachineWrap} aText={The machine is not mutable, saved or running (state is PoweredOff)}, preserve=false aResultDetail=0
00:59:57.960432          ERROR [COM]: aRC=VBOX_E_INVALID_VM_STATE (0x80bb0002) aIID={e36a5081-a82a-40bd-9e4e-42a44d6ce50f} aComponent={MachineWrap} aText={The machine is not mutable, saved or running (state is PoweredOff)}, preserve=false aResultDetail=0
01:00:03.520436          Platform architecture set to 'x86'
01:00:03.638002          ERROR [COM]: aRC=VBOX_E_OBJECT_NOT_FOUND (0x80bb0001) aIID={5bfd8965-b81b-469f-8649-f717ce97a5d5} aComponent={NvramStoreWrap} aText={The UEFI NVRAM file is not existing for this machine}, preserve=false aResultDetail=0
01:00:03.638303          ERROR [COM]: aRC=VBOX_E_OBJECT_NOT_FOUND (0x80bb0001) aIID={5bfd8965-b81b-469f-8649-f717ce97a5d5} aComponent={NvramStoreWrap} aText={The UEFI NVRAM file is not existing for this machine}, preserve=false aResultDetail=0
01:00:03.638473          ERROR [COM]: aRC=VBOX_E_OBJECT_NOT_FOUND (0x80bb0001) aIID={5bfd8965-b81b-469f-8649-f717ce97a5d5} aComponent={NvramStoreWrap} aText={The UEFI NVRAM file is not existing for this machine}, preserve=false aResultDetail=0
01:00:03.642459          ERROR [COM]: aRC=VBOX_E_OBJECT_NOT_FOUND (0x80bb0001) aIID={5bfd8965-b81b-469f-8649-f717ce97a5d5} aComponent={NvramStoreWrap} aText={The UEFI NVRAM file is not existing for this machine}, preserve=false aResultDetail=0
01:00:03.646471          ERROR [COM]: aRC=VBOX_E_INVALID_VM_STATE (0x80bb0002) aIID={e36a5081-a82a-40bd-9e4e-42a44d6ce50f} aComponent={MachineWrap} aText={The machine is not mutable, saved or running (state is PoweredOff)}, preserve=false aResultDetail=0
01:00:03.647204          ERROR [COM]: aRC=VBOX_E_INVALID_VM_STATE (0x80bb0002) aIID={e36a5081-a82a-40bd-9e4e-42a44d6ce50f} aComponent={MachineWrap} aText={The machine is not mutable, saved or running (state is PoweredOff)}, preserve=false aResultDetail=0
01:00:03.649603          ERROR [COM]: aRC=VBOX_E_INVALID_VM_STATE (0x80bb0002) aIID={e36a5081-a82a-40bd-9e4e-42a44d6ce50f} aComponent={MachineWrap} aText={The machine is not mutable, saved or running (state is PoweredOff)}, preserve=false aResultDetail=0
01:00:03.650732          ERROR [COM]: aRC=VBOX_E_INVALID_VM_STATE (0x80bb0002) aIID={e36a5081-a82a-40bd-9e4e-42a44d6ce50f} aComponent={MachineWrap} aText={The machine is not mutable, saved or running (state is PoweredOff)}, preserve=false aResultDetail=0
01:00:04.325927          ERROR [COM]: aRC=VBOX_E_OBJECT_NOT_FOUND (0x80bb0001) aIID={70401eef-c8e9-466b-9660-45cb3e9979e4} aComponent={ExtPackManagerWrap} aText={No extension pack by the name 'Oracle VirtualBox Extension Pack' was found}, preserve=false aResultDetail=0
01:00:04.382131          ERROR [COM]: aRC=E_FAIL (0x80004005) aIID={bea3ef5c-de2f-4b74-aa3a-15d6249371a0} aComponent={RecordingSettingsWrap} aText={Recording not started}, preserve=false aResultDetail=0
01:00:05.383208          ERROR [COM]: aRC=E_FAIL (0x80004005) aIID={bea3ef5c-de2f-4b74-aa3a-15d6249371a0} aComponent={RecordingSettingsWrap} aText={Recording not started}, preserve=false aResultDetail=0
01:00:05.388221          ERROR [COM]: aRC=VBOX_E_OBJECT_NOT_FOUND (0x80bb0001) aIID={5bfd8965-b81b-469f-8649-f717ce97a5d5} aComponent={NvramStoreWrap} aText={The UEFI NVRAM file is not existing for this machine}, preserve=false aResultDetail=0
01:00:05.393288          ERROR [COM]: aRC=VBOX_E_OBJECT_NOT_FOUND (0x80bb0001) aIID={5bfd8965-b81b-469f-8649-f717ce97a5d5} aComponent={NvramStoreWrap} aText={The UEFI NVRAM file is not existing for this machine}, preserve=false aResultDetail=0
01:00:05.395989          ERROR [COM]: aRC=VBOX_E_OBJECT_NOT_FOUND (0x80bb0001) aIID={5bfd8965-b81b-469f-8649-f717ce97a5d5} aComponent={NvramStoreWrap} aText={The UEFI NVRAM file is not existing for this machine}, preserve=false aResultDetail=0
01:00:05.396175          ERROR [COM]: aRC=VBOX_E_OBJECT_NOT_FOUND (0x80bb0001) aIID={5bfd8965-b81b-469f-8649-f717ce97a5d5} aComponent={NvramStoreWrap} aText={The UEFI NVRAM file is not existing for this machine}, preserve=false aResultDetail=0
01:00:05.415174          ERROR [COM]: aRC=VBOX_E_INVALID_VM_STATE (0x80bb0002) aIID={e36a5081-a82a-40bd-9e4e-42a44d6ce50f} aComponent={MachineWrap} aText={The machine is not mutable, saved or running (state is Starting)}, preserve=false aResultDetail=0
01:00:05.420502          ERROR [COM]: aRC=VBOX_E_INVALID_VM_STATE (0x80bb0002) aIID={e36a5081-a82a-40bd-9e4e-42a44d6ce50f} aComponent={SessionMachine} aText={The machine is not mutable or saved (state is Starting)}, preserve=false aResultDetail=0
01:00:05.427519          ERROR [COM]: aRC=VBOX_E_INVALID_VM_STATE (0x80bb0002) aIID={e36a5081-a82a-40bd-9e4e-42a44d6ce50f} aComponent={MachineWrap} aText={The machine is not mutable, saved or running (state is Starting)}, preserve=false aResultDetail=0
01:00:05.430026          ERROR [COM]: aRC=VBOX_E_INVALID_VM_STATE (0x80bb0002) aIID={e36a5081-a82a-40bd-9e4e-42a44d6ce50f} aComponent={MachineWrap} aText={The machine is not mutable, saved or running (state is Starting)}, preserve=false aResultDetail=0
01:00:05.434326          ERROR [COM]: aRC=VBOX_E_INVALID_VM_STATE (0x80bb0002) aIID={e36a5081-a82a-40bd-9e4e-42a44d6ce50f} aComponent={MachineWrap} aText={The machine is not mutable, saved or running (state is Starting)}, preserve=false aResultDetail=0
01:00:05.512404          ERROR [COM]: aRC=VBOX_E_INVALID_VM_STATE (0x80bb0002) aIID={e36a5081-a82a-40bd-9e4e-42a44d6ce50f} aComponent={SessionMachine} aText={The machine is not mutable or saved (state is Starting)}, preserve=false aResultDetail=0
01:00:06.360018          ERROR [COM]: aRC=VBOX_E_OBJECT_NOT_FOUND (0x80bb0001) aIID={7d510820-a678-4730-a862-818dcd3fbed0} aComponent={MediumWrap} aText={Property 'CRYPT/KeyId' does not exist}, preserve=false aResultDetail=0
01:00:06.360968          HostDnsMonitorProxy::GetDomainName: no domain set
01:00:06.361040          HostDnsMonitorProxy::GetNameServers:
01:00:06.361048            name server 1: 192.168.159.192
01:00:06.361096          HostDnsMonitorProxy::GetSearchStrings:
01:00:06.361103            no search string entries
01:00:06.452464          ERROR [COM]: aRC=E_FAIL (0x80004005) aIID={bea3ef5c-de2f-4b74-aa3a-15d6249371a0} aComponent={RecordingSettingsWrap} aText={Recording not started}, preserve=false aResultDetail=0
01:00:06.471019          ERROR [COM]: aRC=VBOX_E_OBJECT_NOT_FOUND (0x80bb0001) aIID={5bfd8965-b81b-469f-8649-f717ce97a5d5} aComponent={NvramStoreWrap} aText={The UEFI NVRAM file is not existing for this machine}, preserve=false aResultDetail=0
01:00:06.477185          ERROR [COM]: aRC=VBOX_E_OBJECT_NOT_FOUND (0x80bb0001) aIID={5bfd8965-b81b-469f-8649-f717ce97a5d5} aComponent={NvramStoreWrap} aText={The UEFI NVRAM file is not existing for this machine}, preserve=false aResultDetail=0
01:00:06.486029          ERROR [COM]: aRC=VBOX_E_OBJECT_NOT_FOUND (0x80bb0001) aIID={5bfd8965-b81b-469f-8649-f717ce97a5d5} aComponent={NvramStoreWrap} aText={The UEFI NVRAM file is not existing for this machine}, preserve=false aResultDetail=0
01:00:06.488987          ERROR [COM]: aRC=VBOX_E_OBJECT_NOT_FOUND (0x80bb0001) aIID={5bfd8965-b81b-469f-8649-f717ce97a5d5} aComponent={NvramStoreWrap} aText={The UEFI NVRAM file is not existing for this machine}, preserve=false aResultDetail=0
01:00:06.501705          ERROR [COM]: aRC=VBOX_E_INVALID_VM_STATE (0x80bb0002) aIID={e36a5081-a82a-40bd-9e4e-42a44d6ce50f} aComponent={MachineWrap} aText={The machine is not mutable, saved or running (state is Running)}, preserve=false aResultDetail=0
01:00:06.502534          ERROR [COM]: aRC=VBOX_E_INVALID_VM_STATE (0x80bb0002) aIID={e36a5081-a82a-40bd-9e4e-42a44d6ce50f} aComponent={MachineWrap} aText={The machine is not mutable, saved or running (state is Running)}, preserve=false aResultDetail=0
01:00:06.546614          ERROR [COM]: aRC=VBOX_E_INVALID_VM_STATE (0x80bb0002) aIID={e36a5081-a82a-40bd-9e4e-42a44d6ce50f} aComponent={MachineWrap} aText={The machine is not mutable, saved or running (state is Running)}, preserve=false aResultDetail=0
01:00:06.548157          ERROR [COM]: aRC=VBOX_E_INVALID_VM_STATE (0x80bb0002) aIID={e36a5081-a82a-40bd-9e4e-42a44d6ce50f} aComponent={MachineWrap} aText={The machine is not mutable, saved or running (state is Running)}, preserve=false aResultDetail=0
01:04:20.577117          ERROR [COM]: aRC=VBOX_E_OBJECT_NOT_FOUND (0x80bb0001) aIID={5bfd8965-b81b-469f-8649-f717ce97a5d5} aComponent={NvramStoreWrap} aText={The UEFI NVRAM file is not existing for this machine}, preserve=false aResultDetail=0
01:04:20.592895          ERROR [COM]: aRC=VBOX_E_INVALID_VM_STATE (0x80bb0002) aIID={e36a5081-a82a-40bd-9e4e-42a44d6ce50f} aComponent={MachineWrap} aText={The machine is not mutable, saved or running (state is Paused)}, preserve=false aResultDetail=0
01:04:20.617109          ERROR [COM]: aRC=E_FAIL (0x80004005) aIID={bea3ef5c-de2f-4b74-aa3a-15d6249371a0} aComponent={RecordingSettingsWrap} aText={Recording not started}, preserve=false aResultDetail=0
01:04:23.556804          ERROR [COM]: aRC=VBOX_E_OBJECT_NOT_FOUND (0x80bb0001) aIID={5bfd8965-b81b-469f-8649-f717ce97a5d5} aComponent={NvramStoreWrap} aText={The UEFI NVRAM file is not existing for this machine}, preserve=false aResultDetail=0
01:04:23.557294          ERROR [COM]: aRC=E_FAIL (0x80004005) aIID={bea3ef5c-de2f-4b74-aa3a-15d6249371a0} aComponent={RecordingSettingsWrap} aText={Recording not started}, preserve=false aResultDetail=0
01:04:23.573240          ERROR [COM]: aRC=VBOX_E_INVALID_VM_STATE (0x80bb0002) aIID={e36a5081-a82a-40bd-9e4e-42a44d6ce50f} aComponent={MachineWrap} aText={The machine is not mutable, saved or running (state is Stopping)}, preserve=false aResultDetail=0
01:04:23.659139          Saving settings file "C:\Users\RAJAN\VirtualBox VMs\ubuntu\ubuntu.vbox" with version "1.19-windows"
01:04:23.678967          Finished saving settings file "C:\Users\RAJAN\VirtualBox VMs\ubuntu\ubuntu.vbox"
01:04:23.705177          ERROR [COM]: aRC=E_FAIL (0x80004005) aIID={bea3ef5c-de2f-4b74-aa3a-15d6249371a0} aComponent={RecordingSettingsWrap} aText={Recording not started}, preserve=false aResultDetail=0
01:04:23.721674          ERROR [COM]: aRC=VBOX_E_OBJECT_NOT_FOUND (0x80bb0001) aIID={5bfd8965-b81b-469f-8649-f717ce97a5d5} aComponent={NvramStoreWrap} aText={The UEFI NVRAM file is not existing for this machine}, preserve=false aResultDetail=0
01:04:23.737811          ERROR [COM]: aRC=VBOX_E_INVALID_VM_STATE (0x80bb0002) aIID={e36a5081-a82a-40bd-9e4e-42a44d6ce50f} aComponent={MachineWrap} aText={The machine is not mutable, saved or running (state is PoweredOff)}, preserve=false aResultDetail=0
01:04:23.796706          ERROR [COM]: aRC=E_INVALIDARG (0x80070057) aIID={e36a5081-a82a-40bd-9e4e-42a44d6ce50f} aComponent={SessionMachine} aText={Properties with TRANSIENT or TRANSRESET flag cannot be set or modified if VM is not running}, preserve=false aResultDetail=0
01:04:24.714474          ERROR [COM]: aRC=VBOX_E_OBJECT_NOT_FOUND (0x80bb0001) aIID={5bfd8965-b81b-469f-8649-f717ce97a5d5} aComponent={NvramStoreWrap} aText={The UEFI NVRAM file is not existing for this machine}, preserve=false aResultDetail=0
01:04:24.738088          ERROR [COM]: aRC=VBOX_E_INVALID_VM_STATE (0x80bb0002) aIID={e36a5081-a82a-40bd-9e4e-42a44d6ce50f} aComponent={MachineWrap} aText={The machine is not mutable, saved or running (state is PoweredOff)}, preserve=false aResultDetail=0
01:04:30.929222          Saving settings file "C:\Users\RAJAN\.VirtualBox\VirtualBox.xml" with version "1.12-windows"
01:04:30.932380          Finished saving settings file "C:\Users\RAJAN\.VirtualBox\VirtualBox.xml"
01:04:30.932703          Saving settings file "C:\Users\RAJAN\.VirtualBox\VirtualBox.xml" with version "1.12-windows"
01:04:30.935340          Finished saving settings file "C:\Users\RAJAN\.VirtualBox\VirtualBox.xml"
01:04:30.935873          Saving settings file "C:\Users\RAJAN\.VirtualBox\VirtualBox.xml" with version "1.12-windows"
01:04:30.939503          Finished saving settings file "C:\Users\RAJAN\.VirtualBox\VirtualBox.xml"
01:04:31.899517          ERROR [COM]: aRC=VBOX_E_OBJECT_NOT_FOUND (0x80bb0001) aIID={5bfd8965-b81b-469f-8649-f717ce97a5d5} aComponent={NvramStoreWrap} aText={The UEFI NVRAM file is not existing for this machine}, preserve=false aResultDetail=0
01:04:32.062932          ERROR [COM]: aRC=VBOX_E_INVALID_VM_STATE (0x80bb0002) aIID={e36a5081-a82a-40bd-9e4e-42a44d6ce50f} aComponent={MachineWrap} aText={The machine is not mutable, saved or running (state is PoweredOff)}, preserve=false aResultDetail=0
01:04:43.646647          Launched VM: 4110500048 pid: 19024 (0x4a50) frontend: GUI/Qt name: ubuntu
01:04:43.707399          ERROR [COM]: aRC=VBOX_E_OBJECT_NOT_FOUND (0x80bb0001) aIID={5bfd8965-b81b-469f-8649-f717ce97a5d5} aComponent={NvramStoreWrap} aText={The UEFI NVRAM file is not existing for this machine}, preserve=false aResultDetail=0
01:04:43.739069          ERROR [COM]: aRC=VBOX_E_INVALID_VM_STATE (0x80bb0002) aIID={e36a5081-a82a-40bd-9e4e-42a44d6ce50f} aComponent={MachineWrap} aText={The machine is not mutable, saved or running (state is PoweredOff)}, preserve=false aResultDetail=0
01:04:49.480275          Platform architecture set to 'x86'
01:04:49.589495          ERROR [COM]: aRC=VBOX_E_OBJECT_NOT_FOUND (0x80bb0001) aIID={5bfd8965-b81b-469f-8649-f717ce97a5d5} aComponent={NvramStoreWrap} aText={The UEFI NVRAM file is not existing for this machine}, preserve=false aResultDetail=0
01:04:49.597152          ERROR [COM]: aRC=VBOX_E_INVALID_VM_STATE (0x80bb0002) aIID={e36a5081-a82a-40bd-9e4e-42a44d6ce50f} aComponent={MachineWrap} aText={The machine is not mutable, saved or running (state is PoweredOff)}, preserve=false aResultDetail=0
01:04:50.412355          ERROR [COM]: aRC=VBOX_E_OBJECT_NOT_FOUND (0x80bb0001) aIID={70401eef-c8e9-466b-9660-45cb3e9979e4} aComponent={ExtPackManagerWrap} aText={No extension pack by the name 'Oracle VirtualBox Extension Pack' was found}, preserve=false aResultDetail=0
01:04:50.479300          ERROR [COM]: aRC=E_FAIL (0x80004005) aIID={bea3ef5c-de2f-4b74-aa3a-15d6249371a0} aComponent={RecordingSettingsWrap} aText={Recording not started}, preserve=false aResultDetail=0
01:04:51.573848          ERROR [COM]: aRC=E_FAIL (0x80004005) aIID={bea3ef5c-de2f-4b74-aa3a-15d6249371a0} aComponent={RecordingSettingsWrap} aText={Recording not started}, preserve=false aResultDetail=0
01:04:51.580519          ERROR [COM]: aRC=VBOX_E_OBJECT_NOT_FOUND (0x80bb0001) aIID={5bfd8965-b81b-469f-8649-f717ce97a5d5} aComponent={NvramStoreWrap} aText={The UEFI NVRAM file is not existing for this machine}, preserve=false aResultDetail=0
01:04:51.611303          ERROR [COM]: aRC=VBOX_E_INVALID_VM_STATE (0x80bb0002) aIID={e36a5081-a82a-40bd-9e4e-42a44d6ce50f} aComponent={SessionMachine} aText={The machine is not mutable or saved (state is Starting)}, preserve=false aResultDetail=0
01:04:51.621820          ERROR [COM]: aRC=VBOX_E_INVALID_VM_STATE (0x80bb0002) aIID={e36a5081-a82a-40bd-9e4e-42a44d6ce50f} aComponent={MachineWrap} aText={The machine is not mutable, saved or running (state is Starting)}, preserve=false aResultDetail=0
01:04:51.682836          ERROR [COM]: aRC=VBOX_E_INVALID_VM_STATE (0x80bb0002) aIID={e36a5081-a82a-40bd-9e4e-42a44d6ce50f} aComponent={SessionMachine} aText={The machine is not mutable or saved (state is Starting)}, preserve=false aResultDetail=0
01:04:52.730670          ERROR [COM]: aRC=VBOX_E_OBJECT_NOT_FOUND (0x80bb0001) aIID={7d510820-a678-4730-a862-818dcd3fbed0} aComponent={MediumWrap} aText={Property 'CRYPT/KeyId' does not exist}, preserve=false aResultDetail=0
01:04:52.731577          HostDnsMonitorProxy::GetDomainName: no domain set
01:04:52.731652          HostDnsMonitorProxy::GetNameServers:
01:04:52.731659            name server 1: 192.168.159.192
01:04:52.731708          HostDnsMonitorProxy::GetSearchStrings:
01:04:52.731715            no search string entries
01:04:52.768684          ERROR [COM]: aRC=E_FAIL (0x80004005) aIID={bea3ef5c-de2f-4b74-aa3a-15d6249371a0} aComponent={RecordingSettingsWrap} aText={Recording not started}, preserve=false aResultDetail=0
01:04:52.828678          ERROR [COM]: aRC=VBOX_E_OBJECT_NOT_FOUND (0x80bb0001) aIID={5bfd8965-b81b-469f-8649-f717ce97a5d5} aComponent={NvramStoreWrap} aText={The UEFI NVRAM file is not existing for this machine}, preserve=false aResultDetail=0
01:04:52.852282          ERROR [COM]: aRC=VBOX_E_INVALID_VM_STATE (0x80bb0002) aIID={e36a5081-a82a-40bd-9e4e-42a44d6ce50f} aComponent={MachineWrap} aText={The machine is not mutable, saved or running (state is Running)}, preserve=false aResultDetail=0
01:05:11.499943          ERROR [COM]: aRC=VBOX_E_OBJECT_NOT_FOUND (0x80bb0001) aIID={5bfd8965-b81b-469f-8649-f717ce97a5d5} aComponent={NvramStoreWrap} aText={The UEFI NVRAM file is not existing for this machine}, preserve=false aResultDetail=0
01:05:11.507623          ERROR [COM]: aRC=VBOX_E_INVALID_VM_STATE (0x80bb0002) aIID={e36a5081-a82a-40bd-9e4e-42a44d6ce50f} aComponent={MachineWrap} aText={The machine is not mutable, saved or running (state is Paused)}, preserve=false aResultDetail=0
01:05:11.535101          ERROR [COM]: aRC=E_FAIL (0x80004005) aIID={bea3ef5c-de2f-4b74-aa3a-15d6249371a0} aComponent={RecordingSettingsWrap} aText={Recording not started}, preserve=false aResultDetail=0
01:05:13.452000          ERROR [COM]: aRC=E_FAIL (0x80004005) aIID={bea3ef5c-de2f-4b74-aa3a-15d6249371a0} aComponent={RecordingSettingsWrap} aText={Recording not started}, preserve=false aResultDetail=0
01:05:13.463120          ERROR [COM]: aRC=VBOX_E_OBJECT_NOT_FOUND (0x80bb0001) aIID={5bfd8965-b81b-469f-8649-f717ce97a5d5} aComponent={NvramStoreWrap} aText={The UEFI NVRAM file is not existing for this machine}, preserve=false aResultDetail=0
01:05:13.482530          ERROR [COM]: aRC=VBOX_E_INVALID_VM_STATE (0x80bb0002) aIID={e36a5081-a82a-40bd-9e4e-42a44d6ce50f} aComponent={MachineWrap} aText={The machine is not mutable, saved or running (state is Stopping)}, preserve=false aResultDetail=0
01:05:13.561334          Saving settings file "C:\Users\RAJAN\VirtualBox VMs\ubuntu\ubuntu.vbox" with version "1.19-windows"
01:05:13.568871          Finished saving settings file "C:\Users\RAJAN\VirtualBox VMs\ubuntu\ubuntu.vbox"
01:05:13.601048          ERROR [COM]: aRC=E_FAIL (0x80004005) aIID={bea3ef5c-de2f-4b74-aa3a-15d6249371a0} aComponent={RecordingSettingsWrap} aText={Recording not started}, preserve=false aResultDetail=0
01:05:13.628008          ERROR [COM]: aRC=VBOX_E_OBJECT_NOT_FOUND (0x80bb0001) aIID={5bfd8965-b81b-469f-8649-f717ce97a5d5} aComponent={NvramStoreWrap} aText={The UEFI NVRAM file is not existing for this machine}, preserve=false aResultDetail=0
01:05:13.647889          ERROR [COM]: aRC=VBOX_E_INVALID_VM_STATE (0x80bb0002) aIID={e36a5081-a82a-40bd-9e4e-42a44d6ce50f} aComponent={MachineWrap} aText={The machine is not mutable, saved or running (state is PoweredOff)}, preserve=false aResultDetail=0
01:05:13.677523          ERROR [COM]: aRC=E_INVALIDARG (0x80070057) aIID={e36a5081-a82a-40bd-9e4e-42a44d6ce50f} aComponent={SessionMachine} aText={Properties with TRANSIENT or TRANSRESET flag cannot be set or modified if VM is not running}, preserve=false aResultDetail=0
01:05:15.122713          ERROR [COM]: aRC=VBOX_E_OBJECT_NOT_FOUND (0x80bb0001) aIID={5bfd8965-b81b-469f-8649-f717ce97a5d5} aComponent={NvramStoreWrap} aText={The UEFI NVRAM file is not existing for this machine}, preserve=false aResultDetail=0
01:05:15.151474          ERROR [COM]: aRC=VBOX_E_INVALID_VM_STATE (0x80bb0002) aIID={e36a5081-a82a-40bd-9e4e-42a44d6ce50f} aComponent={MachineWrap} aText={The machine is not mutable, saved or running (state is PoweredOff)}, preserve=false aResultDetail=0
01:05:20.933729          Launched VM: 4112262976 pid: 16556 (0x40ac) frontend: GUI/Qt name: ubuntu
01:05:21.007920          ERROR [COM]: aRC=VBOX_E_OBJECT_NOT_FOUND (0x80bb0001) aIID={5bfd8965-b81b-469f-8649-f717ce97a5d5} aComponent={NvramStoreWrap} aText={The UEFI NVRAM file is not existing for this machine}, preserve=false aResultDetail=0
01:05:21.033242          ERROR [COM]: aRC=VBOX_E_INVALID_VM_STATE (0x80bb0002) aIID={e36a5081-a82a-40bd-9e4e-42a44d6ce50f} aComponent={MachineWrap} aText={The machine is not mutable, saved or running (state is PoweredOff)}, preserve=false aResultDetail=0
01:05:26.731919          Platform architecture set to 'x86'
01:05:26.832055          ERROR [COM]: aRC=VBOX_E_OBJECT_NOT_FOUND (0x80bb0001) aIID={5bfd8965-b81b-469f-8649-f717ce97a5d5} aComponent={NvramStoreWrap} aText={The UEFI NVRAM file is not existing for this machine}, preserve=false aResultDetail=0
01:05:26.835010          ERROR [COM]: aRC=VBOX_E_INVALID_VM_STATE (0x80bb0002) aIID={e36a5081-a82a-40bd-9e4e-42a44d6ce50f} aComponent={MachineWrap} aText={The machine is not mutable, saved or running (state is PoweredOff)}, preserve=false aResultDetail=0
01:05:27.522987          ERROR [COM]: aRC=VBOX_E_OBJECT_NOT_FOUND (0x80bb0001) aIID={70401eef-c8e9-466b-9660-45cb3e9979e4} aComponent={ExtPackManagerWrap} aText={No extension pack by the name 'Oracle VirtualBox Extension Pack' was found}, preserve=false aResultDetail=0
01:05:27.569902          ERROR [COM]: aRC=E_FAIL (0x80004005) aIID={bea3ef5c-de2f-4b74-aa3a-15d6249371a0} aComponent={RecordingSettingsWrap} aText={Recording not started}, preserve=false aResultDetail=0
01:05:28.654395          ERROR [COM]: aRC=E_FAIL (0x80004005) aIID={bea3ef5c-de2f-4b74-aa3a-15d6249371a0} aComponent={RecordingSettingsWrap} aText={Recording not started}, preserve=false aResultDetail=0
01:05:28.668316          ERROR [COM]: aRC=VBOX_E_OBJECT_NOT_FOUND (0x80bb0001) aIID={5bfd8965-b81b-469f-8649-f717ce97a5d5} aComponent={NvramStoreWrap} aText={The UEFI NVRAM file is not existing for this machine}, preserve=false aResultDetail=0
01:05:28.687439          ERROR [COM]: aRC=VBOX_E_INVALID_VM_STATE (0x80bb0002) aIID={e36a5081-a82a-40bd-9e4e-42a44d6ce50f} aComponent={SessionMachine} aText={The machine is not mutable or saved (state is Starting)}, preserve=false aResultDetail=0
01:05:28.713052          ERROR [COM]: aRC=VBOX_E_INVALID_VM_STATE (0x80bb0002) aIID={e36a5081-a82a-40bd-9e4e-42a44d6ce50f} aComponent={MachineWrap} aText={The machine is not mutable, saved or running (state is Starting)}, preserve=false aResultDetail=0
01:05:28.754325          ERROR [COM]: aRC=VBOX_E_INVALID_VM_STATE (0x80bb0002) aIID={e36a5081-a82a-40bd-9e4e-42a44d6ce50f} aComponent={SessionMachine} aText={The machine is not mutable or saved (state is Starting)}, preserve=false aResultDetail=0
01:05:29.635963          ERROR [COM]: aRC=VBOX_E_OBJECT_NOT_FOUND (0x80bb0001) aIID={7d510820-a678-4730-a862-818dcd3fbed0} aComponent={MediumWrap} aText={Property 'CRYPT/KeyId' does not exist}, preserve=false aResultDetail=0
01:05:29.637793          HostDnsMonitorProxy::GetDomainName: no domain set
01:05:29.637882          HostDnsMonitorProxy::GetNameServers:
01:05:29.637889            name server 1: 192.168.159.192
01:05:29.637934          HostDnsMonitorProxy::GetSearchStrings:
01:05:29.637940            no search string entries
01:05:29.672145          ERROR [COM]: aRC=E_FAIL (0x80004005) aIID={bea3ef5c-de2f-4b74-aa3a-15d6249371a0} aComponent={RecordingSettingsWrap} aText={Recording not started}, preserve=false aResultDetail=0
01:05:29.724791          ERROR [COM]: aRC=VBOX_E_OBJECT_NOT_FOUND (0x80bb0001) aIID={5bfd8965-b81b-469f-8649-f717ce97a5d5} aComponent={NvramStoreWrap} aText={The UEFI NVRAM file is not existing for this machine}, preserve=false aResultDetail=0
01:05:29.747792          ERROR [COM]: aRC=VBOX_E_INVALID_VM_STATE (0x80bb0002) aIID={e36a5081-a82a-40bd-9e4e-42a44d6ce50f} aComponent={MachineWrap} aText={The machine is not mutable, saved or running (state is Running)}, preserve=false aResultDetail=0
01:05:36.983912          ERROR [COM]: aRC=VBOX_E_OBJECT_NOT_FOUND (0x80bb0001) aIID={5bfd8965-b81b-469f-8649-f717ce97a5d5} aComponent={NvramStoreWrap} aText={The UEFI NVRAM file is not existing for this machine}, preserve=false aResultDetail=0
01:05:36.991712          ERROR [COM]: aRC=VBOX_E_INVALID_VM_STATE (0x80bb0002) aIID={e36a5081-a82a-40bd-9e4e-42a44d6ce50f} aComponent={MachineWrap} aText={The machine is not mutable, saved or running (state is Paused)}, preserve=false aResultDetail=0
01:05:37.017775          ERROR [COM]: aRC=E_FAIL (0x80004005) aIID={bea3ef5c-de2f-4b74-aa3a-15d6249371a0} aComponent={RecordingSettingsWrap} aText={Recording not started}, preserve=false aResultDetail=0
01:05:38.749110          ERROR [COM]: aRC=E_FAIL (0x80004005) aIID={bea3ef5c-de2f-4b74-aa3a-15d6249371a0} aComponent={RecordingSettingsWrap} aText={Recording not started}, preserve=false aResultDetail=0
01:05:38.755255          ERROR [COM]: aRC=VBOX_E_OBJECT_NOT_FOUND (0x80bb0001) aIID={5bfd8965-b81b-469f-8649-f717ce97a5d5} aComponent={NvramStoreWrap} aText={The UEFI NVRAM file is not existing for this machine}, preserve=false aResultDetail=0
01:05:38.770901          ERROR [COM]: aRC=VBOX_E_INVALID_VM_STATE (0x80bb0002) aIID={e36a5081-a82a-40bd-9e4e-42a44d6ce50f} aComponent={MachineWrap} aText={The machine is not mutable, saved or running (state is Stopping)}, preserve=false aResultDetail=0
01:05:38.847029          Saving settings file "C:\Users\RAJAN\VirtualBox VMs\ubuntu\ubuntu.vbox" with version "1.19-windows"
01:05:38.866220          Finished saving settings file "C:\Users\RAJAN\VirtualBox VMs\ubuntu\ubuntu.vbox"
01:05:38.910011          ERROR [COM]: aRC=E_FAIL (0x80004005) aIID={bea3ef5c-de2f-4b74-aa3a-15d6249371a0} aComponent={RecordingSettingsWrap} aText={Recording not started}, preserve=false aResultDetail=0
01:05:38.949357          ERROR [COM]: aRC=VBOX_E_OBJECT_NOT_FOUND (0x80bb0001) aIID={5bfd8965-b81b-469f-8649-f717ce97a5d5} aComponent={NvramStoreWrap} aText={The UEFI NVRAM file is not existing for this machine}, preserve=false aResultDetail=0
01:05:38.965957          ERROR [COM]: aRC=E_INVALIDARG (0x80070057) aIID={e36a5081-a82a-40bd-9e4e-42a44d6ce50f} aComponent={SessionMachine} aText={Properties with TRANSIENT or TRANSRESET flag cannot be set or modified if VM is not running}, preserve=false aResultDetail=0
01:05:38.980908          ERROR [COM]: aRC=VBOX_E_INVALID_VM_STATE (0x80bb0002) aIID={e36a5081-a82a-40bd-9e4e-42a44d6ce50f} aComponent={MachineWrap} aText={The machine is not mutable, saved or running (state is PoweredOff)}, preserve=false aResultDetail=0
01:05:39.910830          ERROR [COM]: aRC=VBOX_E_OBJECT_NOT_FOUND (0x80bb0001) aIID={5bfd8965-b81b-469f-8649-f717ce97a5d5} aComponent={NvramStoreWrap} aText={The UEFI NVRAM file is not existing for this machine}, preserve=false aResultDetail=0
01:05:39.938869          ERROR [COM]: aRC=VBOX_E_INVALID_VM_STATE (0x80bb0002) aIID={e36a5081-a82a-40bd-9e4e-42a44d6ce50f} aComponent={MachineWrap} aText={The machine is not mutable, saved or running (state is PoweredOff)}, preserve=false aResultDetail=0
01:05:42.605550          Launched VM: 4111719872 pid: 21224 (0x52e8) frontend: GUI/Qt name: ubuntu
01:05:42.656129          ERROR [COM]: aRC=VBOX_E_OBJECT_NOT_FOUND (0x80bb0001) aIID={5bfd8965-b81b-469f-8649-f717ce97a5d5} aComponent={NvramStoreWrap} aText={The UEFI NVRAM file is not existing for this machine}, preserve=false aResultDetail=0
01:05:42.683276          ERROR [COM]: aRC=VBOX_E_INVALID_VM_STATE (0x80bb0002) aIID={e36a5081-a82a-40bd-9e4e-42a44d6ce50f} aComponent={MachineWrap} aText={The machine is not mutable, saved or running (state is PoweredOff)}, preserve=false aResultDetail=0
01:05:48.366817          Platform architecture set to 'x86'
01:05:48.484608          ERROR [COM]: aRC=VBOX_E_OBJECT_NOT_FOUND (0x80bb0001) aIID={5bfd8965-b81b-469f-8649-f717ce97a5d5} aComponent={NvramStoreWrap} aText={The UEFI NVRAM file is not existing for this machine}, preserve=false aResultDetail=0
01:05:48.489131          ERROR [COM]: aRC=VBOX_E_INVALID_VM_STATE (0x80bb0002) aIID={e36a5081-a82a-40bd-9e4e-42a44d6ce50f} aComponent={MachineWrap} aText={The machine is not mutable, saved or running (state is PoweredOff)}, preserve=false aResultDetail=0
01:05:49.183618          ERROR [COM]: aRC=VBOX_E_OBJECT_NOT_FOUND (0x80bb0001) aIID={70401eef-c8e9-466b-9660-45cb3e9979e4} aComponent={ExtPackManagerWrap} aText={No extension pack by the name 'Oracle VirtualBox Extension Pack' was found}, preserve=false aResultDetail=0
01:05:49.240237          ERROR [COM]: aRC=E_FAIL (0x80004005) aIID={bea3ef5c-de2f-4b74-aa3a-15d6249371a0} aComponent={RecordingSettingsWrap} aText={Recording not started}, preserve=false aResultDetail=0
01:05:50.274241          ERROR [COM]: aRC=E_FAIL (0x80004005) aIID={bea3ef5c-de2f-4b74-aa3a-15d6249371a0} aComponent={RecordingSettingsWrap} aText={Recording not started}, preserve=false aResultDetail=0
01:05:50.275072          ERROR [COM]: aRC=VBOX_E_OBJECT_NOT_FOUND (0x80bb0001) aIID={5bfd8965-b81b-469f-8649-f717ce97a5d5} aComponent={NvramStoreWrap} aText={The UEFI NVRAM file is not existing for this machine}, preserve=false aResultDetail=0
01:05:50.300308          ERROR [COM]: aRC=VBOX_E_INVALID_VM_STATE (0x80bb0002) aIID={e36a5081-a82a-40bd-9e4e-42a44d6ce50f} aComponent={MachineWrap} aText={The machine is not mutable, saved or running (state is Starting)}, preserve=false aResultDetail=0
01:05:50.304348          ERROR [COM]: aRC=VBOX_E_INVALID_VM_STATE (0x80bb0002) aIID={e36a5081-a82a-40bd-9e4e-42a44d6ce50f} aComponent={SessionMachine} aText={The machine is not mutable or saved (state is Starting)}, preserve=false aResultDetail=0
01:05:50.364270          ERROR [COM]: aRC=VBOX_E_INVALID_VM_STATE (0x80bb0002) aIID={e36a5081-a82a-40bd-9e4e-42a44d6ce50f} aComponent={SessionMachine} aText={The machine is not mutable or saved (state is Starting)}, preserve=false aResultDetail=0
01:05:51.214426          ERROR [COM]: aRC=VBOX_E_OBJECT_NOT_FOUND (0x80bb0001) aIID={7d510820-a678-4730-a862-818dcd3fbed0} aComponent={MediumWrap} aText={Property 'CRYPT/KeyId' does not exist}, preserve=false aResultDetail=0
01:05:51.215177          HostDnsMonitorProxy::GetDomainName: no domain set
01:05:51.215230          HostDnsMonitorProxy::GetNameServers:
01:05:51.215236            name server 1: 192.168.159.192
01:05:51.215275          HostDnsMonitorProxy::GetSearchStrings:
01:05:51.215281            no search string entries
01:05:51.240538          ERROR [COM]: aRC=E_FAIL (0x80004005) aIID={bea3ef5c-de2f-4b74-aa3a-15d6249371a0} aComponent={RecordingSettingsWrap} aText={Recording not started}, preserve=false aResultDetail=0
01:05:51.292383          ERROR [COM]: aRC=VBOX_E_OBJECT_NOT_FOUND (0x80bb0001) aIID={5bfd8965-b81b-469f-8649-f717ce97a5d5} aComponent={NvramStoreWrap} aText={The UEFI NVRAM file is not existing for this machine}, preserve=false aResultDetail=0
01:05:51.312752          ERROR [COM]: aRC=VBOX_E_INVALID_VM_STATE (0x80bb0002) aIID={e36a5081-a82a-40bd-9e4e-42a44d6ce50f} aComponent={MachineWrap} aText={The machine is not mutable, saved or running (state is Running)}, preserve=false aResultDetail=0
01:06:07.319233          ERROR [COM]: aRC=VBOX_E_OBJECT_NOT_FOUND (0x80bb0001) aIID={5bfd8965-b81b-469f-8649-f717ce97a5d5} aComponent={NvramStoreWrap} aText={The UEFI NVRAM file is not existing for this machine}, preserve=false aResultDetail=0
01:06:07.326858          ERROR [COM]: aRC=VBOX_E_INVALID_VM_STATE (0x80bb0002) aIID={e36a5081-a82a-40bd-9e4e-42a44d6ce50f} aComponent={MachineWrap} aText={The machine is not mutable, saved or running (state is Paused)}, preserve=false aResultDetail=0
01:06:07.360476          ERROR [COM]: aRC=E_FAIL (0x80004005) aIID={bea3ef5c-de2f-4b74-aa3a-15d6249371a0} aComponent={RecordingSettingsWrap} aText={Recording not started}, preserve=false aResultDetail=0
01:06:09.391717          ERROR [COM]: aRC=E_FAIL (0x80004005) aIID={bea3ef5c-de2f-4b74-aa3a-15d6249371a0} aComponent={RecordingSettingsWrap} aText={Recording not started}, preserve=false aResultDetail=0
01:06:09.397180          ERROR [COM]: aRC=VBOX_E_OBJECT_NOT_FOUND (0x80bb0001) aIID={5bfd8965-b81b-469f-8649-f717ce97a5d5} aComponent={NvramStoreWrap} aText={The UEFI NVRAM file is not existing for this machine}, preserve=false aResultDetail=0
01:06:09.410526          ERROR [COM]: aRC=VBOX_E_INVALID_VM_STATE (0x80bb0002) aIID={e36a5081-a82a-40bd-9e4e-42a44d6ce50f} aComponent={MachineWrap} aText={The machine is not mutable, saved or running (state is Stopping)}, preserve=false aResultDetail=0
01:06:09.505105          Saving settings file "C:\Users\RAJAN\VirtualBox VMs\ubuntu\ubuntu.vbox" with version "1.19-windows"
01:06:09.509848          Finished saving settings file "C:\Users\RAJAN\VirtualBox VMs\ubuntu\ubuntu.vbox"
01:06:09.543720          ERROR [COM]: aRC=E_FAIL (0x80004005) aIID={bea3ef5c-de2f-4b74-aa3a-15d6249371a0} aComponent={RecordingSettingsWrap} aText={Recording not started}, preserve=false aResultDetail=0
01:06:09.569275          ERROR [COM]: aRC=VBOX_E_OBJECT_NOT_FOUND (0x80bb0001) aIID={5bfd8965-b81b-469f-8649-f717ce97a5d5} aComponent={NvramStoreWrap} aText={The UEFI NVRAM file is not existing for this machine}, preserve=false aResultDetail=0
01:06:09.594338          ERROR [COM]: aRC=VBOX_E_INVALID_VM_STATE (0x80bb0002) aIID={e36a5081-a82a-40bd-9e4e-42a44d6ce50f} aComponent={MachineWrap} aText={The machine is not mutable, saved or running (state is PoweredOff)}, preserve=false aResultDetail=0
01:06:09.607944          ERROR [COM]: aRC=E_INVALIDARG (0x80070057) aIID={e36a5081-a82a-40bd-9e4e-42a44d6ce50f} aComponent={SessionMachine} aText={Properties with TRANSIENT or TRANSRESET flag cannot be set or modified if VM is not running}, preserve=false aResultDetail=0
01:06:10.563687          ERROR [COM]: aRC=VBOX_E_OBJECT_NOT_FOUND (0x80bb0001) aIID={5bfd8965-b81b-469f-8649-f717ce97a5d5} aComponent={NvramStoreWrap} aText={The UEFI NVRAM file is not existing for this machine}, preserve=false aResultDetail=0
01:06:10.588212          ERROR [COM]: aRC=VBOX_E_INVALID_VM_STATE (0x80bb0002) aIID={e36a5081-a82a-40bd-9e4e-42a44d6ce50f} aComponent={MachineWrap} aText={The machine is not mutable, saved or running (state is PoweredOff)}, preserve=false aResultDetail=0
01:07:08.470960          Launched VM: 4110500528 pid: 6072 (0x17b8) frontend: GUI/Qt name: ubuntu
01:07:08.527855          ERROR [COM]: aRC=VBOX_E_OBJECT_NOT_FOUND (0x80bb0001) aIID={5bfd8965-b81b-469f-8649-f717ce97a5d5} aComponent={NvramStoreWrap} aText={The UEFI NVRAM file is not existing for this machine}, preserve=false aResultDetail=0
01:07:08.556422          ERROR [COM]: aRC=VBOX_E_INVALID_VM_STATE (0x80bb0002) aIID={e36a5081-a82a-40bd-9e4e-42a44d6ce50f} aComponent={MachineWrap} aText={The machine is not mutable, saved or running (state is PoweredOff)}, preserve=false aResultDetail=0
01:07:14.213145          Platform architecture set to 'x86'
01:07:14.319486          ERROR [COM]: aRC=VBOX_E_OBJECT_NOT_FOUND (0x80bb0001) aIID={5bfd8965-b81b-469f-8649-f717ce97a5d5} aComponent={NvramStoreWrap} aText={The UEFI NVRAM file is not existing for this machine}, preserve=false aResultDetail=0
01:07:14.323606          ERROR [COM]: aRC=VBOX_E_INVALID_VM_STATE (0x80bb0002) aIID={e36a5081-a82a-40bd-9e4e-42a44d6ce50f} aComponent={MachineWrap} aText={The machine is not mutable, saved or running (state is PoweredOff)}, preserve=false aResultDetail=0
01:07:15.056033          ERROR [COM]: aRC=VBOX_E_OBJECT_NOT_FOUND (0x80bb0001) aIID={70401eef-c8e9-466b-9660-45cb3e9979e4} aComponent={ExtPackManagerWrap} aText={No extension pack by the name 'Oracle VirtualBox Extension Pack' was found}, preserve=false aResultDetail=0
01:07:15.109957          ERROR [COM]: aRC=E_FAIL (0x80004005) aIID={bea3ef5c-de2f-4b74-aa3a-15d6249371a0} aComponent={RecordingSettingsWrap} aText={Recording not started}, preserve=false aResultDetail=0
01:07:16.134831          ERROR [COM]: aRC=E_FAIL (0x80004005) aIID={bea3ef5c-de2f-4b74-aa3a-15d6249371a0} aComponent={RecordingSettingsWrap} aText={Recording not started}, preserve=false aResultDetail=0
01:07:16.139958          ERROR [COM]: aRC=VBOX_E_OBJECT_NOT_FOUND (0x80bb0001) aIID={5bfd8965-b81b-469f-8649-f717ce97a5d5} aComponent={NvramStoreWrap} aText={The UEFI NVRAM file is not existing for this machine}, preserve=false aResultDetail=0
01:07:16.160734          ERROR [COM]: aRC=VBOX_E_INVALID_VM_STATE (0x80bb0002) aIID={e36a5081-a82a-40bd-9e4e-42a44d6ce50f} aComponent={SessionMachine} aText={The machine is not mutable or saved (state is Starting)}, preserve=false aResultDetail=0
01:07:16.165889          ERROR [COM]: aRC=VBOX_E_INVALID_VM_STATE (0x80bb0002) aIID={e36a5081-a82a-40bd-9e4e-42a44d6ce50f} aComponent={MachineWrap} aText={The machine is not mutable, saved or running (state is Starting)}, preserve=false aResultDetail=0
01:07:16.227235          ERROR [COM]: aRC=VBOX_E_INVALID_VM_STATE (0x80bb0002) aIID={e36a5081-a82a-40bd-9e4e-42a44d6ce50f} aComponent={SessionMachine} aText={The machine is not mutable or saved (state is Starting)}, preserve=false aResultDetail=0
01:07:17.148466          ERROR [COM]: aRC=VBOX_E_OBJECT_NOT_FOUND (0x80bb0001) aIID={7d510820-a678-4730-a862-818dcd3fbed0} aComponent={MediumWrap} aText={Property 'CRYPT/KeyId' does not exist}, preserve=false aResultDetail=0
01:07:17.149232          HostDnsMonitorProxy::GetDomainName: no domain set
01:07:17.149303          HostDnsMonitorProxy::GetNameServers:
01:07:17.149310            name server 1: 192.168.159.192
01:07:17.149352          HostDnsMonitorProxy::GetSearchStrings:
01:07:17.149358            no search string entries
01:07:17.178711          ERROR [COM]: aRC=E_FAIL (0x80004005) aIID={bea3ef5c-de2f-4b74-aa3a-15d6249371a0} aComponent={RecordingSettingsWrap} aText={Recording not started}, preserve=false aResultDetail=0
01:07:17.240333          ERROR [COM]: aRC=VBOX_E_OBJECT_NOT_FOUND (0x80bb0001) aIID={5bfd8965-b81b-469f-8649-f717ce97a5d5} aComponent={NvramStoreWrap} aText={The UEFI NVRAM file is not existing for this machine}, preserve=false aResultDetail=0
01:07:17.259091          ERROR [COM]: aRC=VBOX_E_INVALID_VM_STATE (0x80bb0002) aIID={e36a5081-a82a-40bd-9e4e-42a44d6ce50f} aComponent={MachineWrap} aText={The machine is not mutable, saved or running (state is Running)}, preserve=false aResultDetail=0
01:07:23.501969          ERROR [COM]: aRC=VBOX_E_OBJECT_NOT_FOUND (0x80bb0001) aIID={5bfd8965-b81b-469f-8649-f717ce97a5d5} aComponent={NvramStoreWrap} aText={The UEFI NVRAM file is not existing for this machine}, preserve=false aResultDetail=0
01:07:23.507768          ERROR [COM]: aRC=VBOX_E_INVALID_VM_STATE (0x80bb0002) aIID={e36a5081-a82a-40bd-9e4e-42a44d6ce50f} aComponent={MachineWrap} aText={The machine is not mutable, saved or running (state is Paused)}, preserve=false aResultDetail=0
01:07:23.541357          ERROR [COM]: aRC=E_FAIL (0x80004005) aIID={bea3ef5c-de2f-4b74-aa3a-15d6249371a0} aComponent={RecordingSettingsWrap} aText={Recording not started}, preserve=false aResultDetail=0
01:07:25.734037          ERROR [COM]: aRC=E_FAIL (0x80004005) aIID={bea3ef5c-de2f-4b74-aa3a-15d6249371a0} aComponent={RecordingSettingsWrap} aText={Recording not started}, preserve=false aResultDetail=0
01:07:25.747126          ERROR [COM]: aRC=VBOX_E_OBJECT_NOT_FOUND (0x80bb0001) aIID={5bfd8965-b81b-469f-8649-f717ce97a5d5} aComponent={NvramStoreWrap} aText={The UEFI NVRAM file is not existing for this machine}, preserve=false aResultDetail=0
01:07:25.763938          ERROR [COM]: aRC=VBOX_E_INVALID_VM_STATE (0x80bb0002) aIID={e36a5081-a82a-40bd-9e4e-42a44d6ce50f} aComponent={MachineWrap} aText={The machine is not mutable, saved or running (state is Stopping)}, preserve=false aResultDetail=0
01:07:25.835453          Saving settings file "C:\Users\RAJAN\VirtualBox VMs\ubuntu\ubuntu.vbox" with version "1.19-windows"
01:07:25.839641          Finished saving settings file "C:\Users\RAJAN\VirtualBox VMs\ubuntu\ubuntu.vbox"
01:07:25.865634          ERROR [COM]: aRC=E_FAIL (0x80004005) aIID={bea3ef5c-de2f-4b74-aa3a-15d6249371a0} aComponent={RecordingSettingsWrap} aText={Recording not started}, preserve=false aResultDetail=0
01:07:25.885049          ERROR [COM]: aRC=VBOX_E_OBJECT_NOT_FOUND (0x80bb0001) aIID={5bfd8965-b81b-469f-8649-f717ce97a5d5} aComponent={NvramStoreWrap} aText={The UEFI NVRAM file is not existing for this machine}, preserve=false aResultDetail=0
01:07:25.901330          ERROR [COM]: aRC=VBOX_E_INVALID_VM_STATE (0x80bb0002) aIID={e36a5081-a82a-40bd-9e4e-42a44d6ce50f} aComponent={MachineWrap} aText={The machine is not mutable, saved or running (state is PoweredOff)}, preserve=false aResultDetail=0
01:07:25.924871          ERROR [COM]: aRC=E_INVALIDARG (0x80070057) aIID={e36a5081-a82a-40bd-9e4e-42a44d6ce50f} aComponent={SessionMachine} aText={Properties with TRANSIENT or TRANSRESET flag cannot be set or modified if VM is not running}, preserve=false aResultDetail=0
01:07:26.900976          ERROR [COM]: aRC=VBOX_E_OBJECT_NOT_FOUND (0x80bb0001) aIID={5bfd8965-b81b-469f-8649-f717ce97a5d5} aComponent={NvramStoreWrap} aText={The UEFI NVRAM file is not existing for this machine}, preserve=false aResultDetail=0
01:07:26.932234          ERROR [COM]: aRC=VBOX_E_INVALID_VM_STATE (0x80bb0002) aIID={e36a5081-a82a-40bd-9e4e-42a44d6ce50f} aComponent={MachineWrap} aText={The machine is not mutable, saved or running (state is PoweredOff)}, preserve=false aResultDetail=0
01:07:40.387291 main     VirtualBox: object deletion starts
01:07:40.391579 main     ERROR [COM]: aRC=VBOX_E_OBJECT_IN_USE (0x80bb000c) aIID={7d510820-a678-4730-a862-818dcd3fbed0} aComponent={MediumWrap} aText={Medium 'C:\Users\RAJAN\VirtualBox VMs\Basics\Basics.vdi' cannot be closed because it is still attached to 1 virtual machines}, preserve=false aResultDetail=0
01:07:40.393143 main     ERROR [COM]: aRC=VBOX_E_OBJECT_IN_USE (0x80bb000c) aIID={7d510820-a678-4730-a862-818dcd3fbed0} aComponent={MediumWrap} aText={Medium 'C:\Users\RAJAN\VirtualBox VMs\ubuntu\ubuntu.vdi' cannot be closed because it is still attached to 1 virtual machines}, preserve=false aResultDetail=0
01:07:40.394949 main     HostDnsMonitor: shutting down ...
01:07:40.395106 main     HostDnsMonitor: shut down
01:07:40.400874 Watcher  ERROR [COM]: aRC=E_ACCESSDENIED (0x80070005) aIID={d644ad1e-c501-4fc7-9ab6-aa6d763bc540} aComponent={VirtualBoxWrap} aText={The object is not ready}, preserve=false aResultDetail=0
01:07:40.401068 main     VirtualBox: object deleted
